tweet_id,url,recovery_method,model_text,topic
1648333459516014592,https://twitter.com/Rank_Success/status/1648333459516014592,oembed,laura dodsworth gives her verdict on the brecon beacons changing its name as a direct response to the climate and ecological crisis symbols are powerful but the idea that changing this symbol will do anything to fight a climate emergency is ludicrous talk april,0
1648654430768644096,https://twitter.com/UCL_IEDE/status/1648654430768644096,oembed,households hit hardest by the cost of living crisis are those most likely to live in unhealthy homes ucl s professor anna mavrogianni considers the relationship between the built environment and health inequalities cibse april,6
1648698828479139843,https://twitter.com/NewmontCorp/status/1648698828479139843,oembed,biodiversity credit markets by taskforce on nature markets released today examines how legislation regulation and policy affect high integrity biodiversity credit markets in addition to emerging biodiversity credits markets scaling biodiversity credits and more download karbon offsets april,3
1648957182367416320,https://twitter.com/CantillonCH/status/1648957182367416320,oembed,future generations will look back at our flirtation with the most unsustainable and most expensive form of energy production and curse us for the mess we have left them but the end is beginning to come into sight for nuclear nuclear nuclearenergy dr paul dorfman april,7
1649023929451704320,https://twitter.com/BizSustainably/status/1649023929451704320,oembed,icymi woodfibre lng plans for its liquified natural gas export facility currently under construction in squamish b c to be the first in the world to achieve net zero emissions according to its recently published roadmap sustainable biz canada april,2
1638532797907316737,https://twitter.com/reuseco2/status/1638532797907316737,oembed,this week the released the ar synthesis report reiterating the need for critical actions to limit the temperature increase to c wg recognises ccu as a solution to decrease net co emissions and move away from fossil carbon co value europe march,3
1649054904605093889,https://twitter.com/CansRecyclable/status/1649054904605093889,oembed,the mission possible partnership aims for lower carbon aluminum production and increased ubc recycling the transition strategy has been endorsed by the can manufacturers institute and its aluminum beverage manufacturers and can sheet producer members recycling today april,4
1649005068362948613,https://twitter.com/StructEngineer_/status/1649005068362948613,oembed,join us for circular economy in the built environment on rd may hosted by engineers and architects will discuss how they apply the principles of the circular economy to how buildings and infrastructure are designed tickets available club peloton april,4
1649027218281037826,https://twitter.com/E4S_Center/status/1649027218281037826,oembed,we are excited to unveil the sustainable solutions selected for showcase solutions exhibition discover them on showcase website and register for our event enterprise for society center april,4
1648968017924038659,https://twitter.com/EU_Consumer/status/1648968017924038659,oembed,good news for eu consumers the number of euecolabel products services keeps growing consumers can now choose from more than trusted eco friendly products forourplanet for a better circulareconomy check out the latest findings eu environment april,4
1648988881902006272,https://twitter.com/ShawContEMEA/status/1648988881902006272,oembed,advancing the circular agenda with a first in kind warranty extension has the story shawcontract flooring floor cfj flooring journal april,4
1648613705171476480,https://twitter.com/irinablomqvist/status/1648613705171476480,oembed,our bio circular economy incubator biosphere will return for its nd round in august get all the tools you need to tackle even the biggest of global issues surrounded by a community of peers professionals read more apply helsinki incubators april,4
1648938549134213121,https://twitter.com/NJones/status/1648938549134213121,oembed,at the dump you aren t judged for what you bring there is a shared respect almost a greater respect for the person with the fullest car or the most fetid waste where can i go to leave my rotting conscience natalie garrett seen and unseen april,4
1648961034819112960,https://twitter.com/ObimboCurtis/status/1648961034819112960,oembed,takathursday scaling sustainable waste management across africa taka ni mali april,4
1637393482703618049,https://twitter.com/ojobr/status/1637393482703618049,oembed,s world energy transitions outlook urges radical actions to boost renewables abandon fossilfuel priorities to keep c alive include electrification energy efficiency green hydrogen check out our digital story irena march,2
1648635862895280129,https://twitter.com/reconmatic/status/1648635862895280129,oembed,save the date is onboard registration is open circulareconomy environment construction sustainability fiec april,4
1642850343770898432,https://twitter.com/BAMResearch/status/1642850343770898432,oembed,join us for a groundbreaking event on april th discover the latest trends and technologies in the circular economy and connect with researchers entrepreneurs and industry experts register now circulareconomy sustainability researchtransfer startup incubator berlin april,4
1648654765990072325,https://twitter.com/GreentieIrina/status/1648654765990072325,oembed,f and n codoped bimetallic oxide reduced graphene oxide composite electrode fn na cldh for electrocatalytic reduction of co to co yaping zhang and co workers energy technology april,3
1649116353205350401,https://twitter.com/robniven/status/1649116353205350401,oembed,the era of verification may be over on twitter but we re just getting started with verified carbon units icymi read our news release here carboncure carbonmarket mrv carboncure technologies april,3
1649126002386432001,https://twitter.com/SiouxCityCrypto/status/1649126002386432001,oembed,you look at what s happened to china what s happened to india dramatic increases in life expectancy and gdp both of them have increased their fossil fuel use by seven times in the last years with alex epstein april,1
1649093437038395392,https://twitter.com/ARealityEvent/status/1649093437038395392,oembed,earthday is coming up and we have a great way to celebrate it offset a year s worth of carbon and receive a free awe pass awe is a carbon neutral event so you can enjoy the event while making a positive impact on the environment awe april,0
1648773192129953795,https://twitter.com/RdeSuiza/status/1648773192129953795,oembed,basically a rich man s uber to the golf course remember all those billionaires calling for more restrictions and monitoring efforts to combat climate change vero p down with april,0
1648572672207654913,https://twitter.com/UNSW/status/1648572672207654913,oembed,study unsw marine scientists have calculated the commercial value of the world s kelp forests showing they provide billions of dollars in value to society and are capable of removing megatons of carbon from the atmosphere every year unsw april,3
1649098271372066823,https://twitter.com/ExtinctionR/status/1649098271372066823,oembed,it s time to come together tomorrow really is thebigone our climatesciencetranslated films are designed to convince new people to show up and make themselves heard please retweet to help tip as many into coming as possible climate science breakthrough april,0
1649109453306724356,https://twitter.com/AgilePeopleUK/status/1649109453306724356,oembed,we re teaming up with business net zero to host a free workshop at university centre shrewsbury on wednesday april from am pm to help inspire business owners to drive down their carbonfootprint and improve sustainability marches growth hub april,5
1649073201182302216,https://twitter.com/NikolovScience/status/1649073201182302216,oembed,today i will be meeting vice president kamala harris for earth day looking forward to attending the vice president s residence and engaging in meaningful dialogue about the urgency of the climate crisis and the need for aggressive climate policy it is important to strike sophia kianni april,0
1648784259455541249,https://twitter.com/TheVeganDrakon/status/1648784259455541249,oembed,we are looking at every option on the menu to fight climate change in nyc by making the switch to plant powered food we can begin to reduce our city s third largest source of emissions but we need new yorkers to join us learn more here mayor zohran kwame mamdani april,5
1648943205285502978,https://twitter.com/JustinTrudeau/status/1648943205285502978,oembed,this is huge yesterday the german government confirmed plans to no longer allow stand alone fossil fuel heating systems to be installed from january that s in all buildings and will come into force in just months jan rosenow april,7
1648098660989763586,https://twitter.com/Weiren_Doc/status/1648098660989763586,oembed,in only century humans have managed to reduce the total plant biomass on the planet by through deforestation and land use changes that is an incredible rate of destruction and environmental change peter dynes april,3
1649076497049681921,https://twitter.com/CocaCola/status/1649076497049681921,oembed,coca cola produces million tonnes of plastic packaging a year equivalent to bottles a minute send a message it s time to end plasticpollution actonclimate useless wasteless buyless breakfreefromplastic nature mike hudema april,4
1641032182742364160,https://twitter.com/LibIntervention/status/1641032182742364160,oembed,oaklands park am chichester too much lightpollution energycrisis climatecrisis main footpath is in darkness to protect very wasteful switchoffthelights march,3
1648718935397629955,https://twitter.com/millar00/status/1648718935397629955,oembed,two new studies bring a dramatically new perspective to a long feared shutoff of ocean circulation all the attention has been on the north atlantic but i expect there will now be a shift in attention to the southern ocean says a researcher yale environment april,0
1648849965328871424,https://twitter.com/DanJWeiss/status/1648849965328871424,oembed,people in western states are breathing dirtier more polluted air and worsening heat drought and wildfires are fueling the pollution according to a new report climate signals april,0
1649104706655092736,https://twitter.com/gweets01/status/1649104706655092736,oembed,wind turbines are a leading killer of eagles and other birds why can t we develop safer and more environmentally friendly sources of renewable energy ian miles cheong april,2
1649089426646253569,https://twitter.com/lphawave/status/1649089426646253569,oembed,update march was the nd hottest march globally since modern recordkeeping began in measuring at c f above s baseline average nine of the hottest marches have occurred since more archived nasa climate april,0
1649068385936785411,https://twitter.com/SheffieldGreens/status/1649068385936785411,oembed,local elections are around the corner now is the time to ask candidates if climate action will be in their top priorities join the sheffield city council climate hustings on th april get your voice heard hope for the future april,0
1649021529802563587,https://twitter.com/eaglehibma/status/1649021529802563587,oembed,temperatures in march warmer than average colder than average overall the average march global air temperature was c above climate baseline c above the baseline data code zack labe april,0
1649082247851515907,https://twitter.com/lphawave/status/1649082247851515907,oembed,colorado needs thousands more firefighters as climate driven fires become public safety crisis the colorado sun april,0
1649043332268433409,https://twitter.com/LukeCraigmile/status/1649043332268433409,oembed,energy storage is booming and tesla s megapack and powerwall are major part of the boom first quarter sales were up compared to quarterly revenues reached billion equivalent of billion per year that s a big business by itself john raymond hanger april,1
1648389922682990593,https://twitter.com/narendramodi/status/1648389922682990593,oembed,exposed and ploughed soils are one of the primary causes of droughts the soils of the planet must be covered either with green leaf or by snow to enrich it with flourishing microbial life and to cool the planet time to regenerate soil sg savesoil sadhguru april,3
1648843230903955462,https://twitter.com/eaglehibma/status/1648843230903955462,oembed,a striking visualization of human caused climate change watch what happens in the arctic temperature anomalies by latitude band zonal mean from to visualization produced by at data from at zack labe april,0
1648965821002137600,https://twitter.com/maddaboutminis/status/1648965821002137600,oembed,out of climate scientists prefer lucky strikes what your boy wants most letters from home and chesterfields of climate scientists say luckies are less irritating it s toasted not one single case of throat irritation smoking camels larry april,0
1649127145447256064,https://twitter.com/JoeCurtatone/status/1649127145447256064,oembed,government is evolving to address energytransition are announcing a commission to oversee cleanenergy siting permitting an an interagency council focused on offshorewind development act the alliance for climate transition april,6
1649122637023412241,https://twitter.com/USChamber/status/1649122637023412241,oembed,watch during our permitamericatobuild event spoke w experts in the energy sector about permitting reforms that can help the u s create pursue clean energy opportunities cc global energy inst april,6
1649146336212848640,https://twitter.com/SvenVanZanten01/status/1649146336212848640,oembed,via sunnova lands b doe backing for low income solar and battery loans tor valenza april,1
1648685654266503170,https://twitter.com/LungAssociation/status/1648685654266503170,oembed,today we launch our stateoftheair report which grades americans exposure to unhealthy levels of ozone and particle pollution despite some improvements too many people still live in areas with unhealthy air quality learn more and take action american lung association april,0
1649137757212536856,https://twitter.com/SvenVanZanten01/status/1649137757212536856,oembed,mobile solar system for farms india s vivasvan solar has designed a foldable solar structure mounted on a trolley the system has mechanisms to prevent damage to the panels during transit and is especially renewableenergy solarenergy sustainability pv magazine april,1
1649118765043286035,https://twitter.com/Pickering2075/status/1649118765043286035,oembed,today we were excited to welcome the hon deputy prime minister minister of finance to the pickering nuclear generating station thank you for showing your support for nuclear power a vital part of ontario s clean energy future ontario power gen april,7
1649131335770861572,https://twitter.com/SvenVanZanten01/status/1649131335770861572,oembed,this school in wisconsin is going solar the panels will generate energy for school and is estimated to save the district million dollars in energy costs shouldn t every school get a solarpower upgrade actonclimate climate energy renewables greennewdeal mike hudema april,1
1649041542772928519,https://twitter.com/WBG_Energy/status/1649041542772928519,oembed,the s comprehensive new report will help developing countries overcome the critical barriers that are paralyzing their transition to clean energy scalingup phasedown rethinkingenergy world bank energy april,6
1649119753221578753,https://twitter.com/SvenVanZanten01/status/1649119753221578753,oembed,via this drone for hire meeting the challenges of solar o m with aerial thermography tor valenza april,1
1649114365675569160,https://twitter.com/SvenVanZanten01/status/1649114365675569160,oembed,catf s responds to a question during a hearing this week highlighting how nuclear energy can complement wind and solar to provide clean firm power clean air task force april,7
1648895282275311616,https://twitter.com/ELPCenter/status/1648895282275311616,oembed,today was a beautiful day for environmental lobbyday i was happy to have some colleagues join me to talk to legislators and advocate for the environment ej il david mcellis april,0
1649094126342918145,https://twitter.com/NECEC/status/1649094126342918145,oembed,our thoughts on today s resounding victory for the corridor in maine where a jury cut through the self interested narrative of power market competitors decided what s fair is fair first off cleanenergy won today act the alliance for climate transition april,2
1649099325115621378,https://twitter.com/SvenVanZanten01/status/1649099325115621378,oembed,when solar is trending it s a great time to remind people that we have over million installs in the u s and yet solar is nearly invisible in film tv until that changes listen to the probably true solar stories podcast season coming in may tor valenza april,1
1649095638943166466,https://twitter.com/SvenVanZanten01/status/1649095638943166466,oembed,with new stimulus opportunities rising interest rates and economic uncertainty ahead the solarcoaster is in full swing this year join us as we review the selling trends showing the most opportunities this year with solar power world april,1
1649039086504607745,https://twitter.com/SenStabenow/status/1649039086504607745,oembed,michigan is leading the way in the clean energy boom new clean energy jobs let s keep it going climate power april,2
1649073463024394241,https://twitter.com/JoeCurtatone/status/1649073463024394241,oembed,huge news from portland where the jury has ruled in favor of resuming work on the cmp power corridor which will bring hydroelectric power from qu bec into the new england grid remove million metric tons of co per year act the alliance for climate transition april,2
1649069070887559169,https://twitter.com/SvenVanZanten01/status/1649069070887559169,oembed,lowe s is putting rooftop solar on of its stores by electrek co april,1
1649066151262187520,https://twitter.com/SvenVanZanten01/status/1649066151262187520,oembed,via details on sunnova s billion loan guarantee from department of energy tor valenza april,1
1649030906257055744,https://twitter.com/SenMarkKelly/status/1649030906257055744,oembed,breaking arizona has added new clean energy jobs since the passage of clean energy plan climate power april,2
1649005482873434112,https://twitter.com/NIAUK/status/1649005482873434112,oembed,industry link spring is out in this bumper edition you can read about nuclear s green credentials and smr amr plans decarbonising transport using nuclear give it a read at nuclear innovation netzero nuclear industry association april,7
1649052859303067652,https://twitter.com/SvenVanZanten01/status/1649052859303067652,oembed,this solar energy farm in australia is made up of more than million solar panels it will produce enough energy to power over households we have so many solutions implement them actonclimate climate energy renewables mike hudema april,1
1649050683705028611,https://twitter.com/SvenVanZanten01/status/1649050683705028611,oembed,solar magazine nieuwe studie vlaamse groenestroomcertificaten zonnepanelen iedereen verliest steun solar storage magazine april,1
1649046916435677188,https://twitter.com/SvenVanZanten01/status/1649046916435677188,oembed,solar magazine sma start bouw gigafabriek productie omvormers verdubbeld naar gigawatt solar storage magazine april,1
1649042286431313923,https://twitter.com/SvenVanZanten01/status/1649042286431313923,oembed,exciting announcement from today to expand rooftop solar access to tens of thousands of low income families solar and storage industry april,1
1649031161396756482,https://twitter.com/SvenVanZanten01/status/1649031161396756482,oembed,addressing climatechange is increasingly urgent challenge says wanblad swagefast mining energy renewables swagefast april,2
1649025652178182144,https://twitter.com/SvenVanZanten01/status/1649025652178182144,oembed,this is the world s nd largest offshore wind project in the uk it will provide enough clean energy to power million families we have so many solutions implement them actonclimate climate energy renewables mike hudema april,1
1649021613738688513,https://twitter.com/SvenVanZanten01/status/1649021613738688513,oembed,solar magazine friesland verhoogt budget en verlengt subsidie voor energieco peraties erneuerbare energien umweltschutz april,1
1648995576183152641,https://twitter.com/SvenVanZanten01/status/1648995576183152641,oembed,republicans fight a solar boom that s made texas king of clean energy the battle is part of a broader political push by gop leaders gov abbott wants to thwart companies that he says prioritize democratic goals such as fighting climate change john raymond hanger april,2
1648986051900481541,https://twitter.com/SvenVanZanten01/status/1648986051900481541,oembed,africa has golden opportunity in battery commodities market swagefast mining energy energystorage renewables swagefast april,1
1648980215195107331,https://twitter.com/SvenVanZanten01/status/1648980215195107331,oembed,belgium s flanders region launches new call for solar rebates the flemish authorities have allocated a budget of million million for the first round of its solar rebate scheme the call is open to renewableenergy solarenergy sustainability pv magazine april,1
1648977444928630784,https://twitter.com/MartinaNaughton/status/1648977444928630784,oembed,now the global battle for clean energy investment hear from antoine vagneur jones head of trade and supply chains neweconomygateway bloomberg new economy april,2
1648967757264977920,https://twitter.com/SvenVanZanten01/status/1648967757264977920,oembed,via avoiding food waste confusion solar marketing communications tor valenza april,1
1642483039962906624,https://twitter.com/Singer953/status/1642483039962906624,oembed,dare to take a look in s st medium article unveiling the power of proof of generation pog get ready for a revolution in renewableenergy blockchain introducing solareum a peer to peer renewable energy blockchain that unites clean energy cutting edge cryptonite chris april,1
1648959074308878338,https://twitter.com/SvenVanZanten01/status/1648959074308878338,oembed,g ministers set big new targets for solar and wind capacity left the door open for continued investment in gas and stopped short of endorsing a deadline for phasing out coal charles ellinas april,2
1648950056383311874,https://twitter.com/SvenVanZanten01/status/1648950056383311874,oembed,record solar generation from both farms and rooftops drives down power prices on the nem renewable energy lower prices simples climatehope bsky social april,1
1649014437850886147,https://twitter.com/NRGInstitute/status/1649014437850886147,oembed,collective action is needed now to ensure that the energytransition is managed in an open inclusive and responsible way that works for people and the planet says eiti chair in a piece published by check it out eiti international april,6
1628340743713562627,https://twitter.com/EnergyLiveNews/status/1628340743713562627,oembed,the big zero show is back this time bigger and better register now energy energycrisis climatechange climatecrisis netzero future net zero february,5
1649059151501316097,https://twitter.com/l_shooter_/status/1649059151501316097,oembed,don t miss the space heating race million solutions this in person panel will discuss what a whole system approach to the decarbonisation of heat could look like register to attend and be part of this important conversation energy uk april,6
1648628321276624896,https://twitter.com/solarthermal/status/1648628321276624896,oembed,europe s industry is well equipped to bring about climate neutral heating the clean heating sector has the technological know how to increase competitiveness jobs in the eu market heatright clean heat europe april,6
1648510282053095427,https://twitter.com/ADB_HQ/status/1648510282053095427,oembed,why is undertaking studies to pilot the energytransition mechanism in pakistan without public disclosure of relevant info materials in local languages or considering remedial action for impacts caused by its own financing for operating the jamshoro coal power project ngo forum on adb nofalsesolutions april,6
1649026169344258051,https://twitter.com/solarthermal/status/1649026169344258051,oembed,solarthermal is included in the european net zero industry act find out in the new podcast why solarheat is a key player in the energy transition s e ready to deliver spotify yt heatchangers heatishalf heat changers april,6
1648740839944867840,https://twitter.com/ConvergenceCESL/status/1648740839944867840,oembed,since emerging market countries have issued green social and sustainability bonds to help fund climate action promote a just transition from fossil fuels and deliver on their sdgs climatestories wbg world bank group climate and environment april,3
1648722812381659137,https://twitter.com/WillHares/status/1648722812381659137,oembed,was germany s exit from nuclear power a mistake what s it mean for gas coal and the energytransition fun call today with full replay here oott ongt eft nuclear energy rob barnett april,7
1648596355848323079,https://twitter.com/KadriSimson/status/1648596355848323079,oembed,energy storage the centrepiece of european decarbonisation energy commissioner says energystorage energy storage news april,1
1648934017889181699,https://twitter.com/VIRALaboutGREEN/status/1648934017889181699,oembed,at hm i had the chance to discuss with steffen grosse ceo of equity about financing innovative sustainability projects he gave valuable insights with examples from emobility and building decarbonization siemensinfluencer dr thomas hillig eusew ambassador april,4
1648715955294572547,https://twitter.com/Caroline_Lee2/status/1648715955294572547,oembed,the full financial weight of the federal government is finally aligned behind the clean energy transition and yet the work is just getting started my article in argues we need to lean in prepare for a building spree not seen in generations jesse d jenkins april,2
1648847754989281281,https://twitter.com/HALEUFuel/status/1648847754989281281,oembed,we ve had nuclear submarines and aircraft carriers in the us navy for decades with as far as i know no accidents or radiation over exposures i could be wrong i always wondered why we couldn t have several of these powering small cities gregory rose april,7
1648553011323580419,https://twitter.com/ccapp8/status/1648553011323580419,oembed,china has begun work on an bn desert renewables project in kubuqi in inner mongolia the gw facility will be the world s largest desert renewable project erik solheim april,1
1648841842442616832,https://twitter.com/krishnamoorti/status/1648841842442616832,oembed,subodh saxena of nabors at the banquet an inspiring talk about how we move the needle on the energy transition sustainability reliability affordability energy ramanan april,6
1646527073119514625,https://twitter.com/benchmarkmin/status/1646527073119514625,oembed,one week to go until the benchmark world tour comes to toronto on thu april this free event offers a full day of investment seminars led by industry leaders focused on financing the energytransition limited tickets remain register now benchmark mineral intelligence april,6
1648334167300624386,https://twitter.com/AspenInstitute/status/1648334167300624386,oembed,higher education has a unique role to play in addressing climate change today this is planet ed is launching the higher ed climate action task force to accelerate and scale action across the sector learn more this is planet ed april,0
1648939284567564288,https://twitter.com/XRebellionUK/status/1648939284567564288,oembed,here comes everyone tens of thousands of people will descend on parliament tomorrow for thebigone to demand the fossil fuel era must end change decided by us not for us we will be impossible to ignore see you there extinction rebellion uk april,0
1649085148166750209,https://twitter.com/Znapkel_Zeppo/status/1649085148166750209,oembed,i m simply pointing out that a lot of language around this issue is nonsense it s that way on purpose because it serves the narrative not all carbon is bad and not all greenhouse gases are carbon based martyupnorth unacceptable fact checker april,3
1648718101121482752,https://twitter.com/TigerWieseJones/status/1648718101121482752,oembed,the latest ipcc report said we are running out of time to drastically cut climate pollution industry says hydrogen is a solution but often it s just greenwashing most hydrogen production actually extends the life of polluting fossil fuels rethinkhydrogen earthjustice april,2
1649042791882969090,https://twitter.com/Joydeep3000/status/1649042791882969090,oembed,shaun murphy former world snooker champion supports just stop oil i m an expert on snooker i am not an expert on climate change but when i tune in and watch or listen to people who are they all say that we are hurtling towards problems think just stop oil april,0
1648694444865081347,https://twitter.com/CJ_Coalition/status/1648694444865081347,oembed,the energy charter treaty allows fossil fuel companies to sue governments over climate policies like transitioning to renewables thousands of you have demanded the uk leave the climate wrecking treaty join us at the bigone to deliver the message war on want april,2
1648936062792892418,https://twitter.com/DrMariaNeira/status/1648936062792892418,oembed,very honored to have the opportunity to address the g india on climate change and health dr maria neira april,0
1648224756615770112,https://twitter.com/Alevallsrossi/status/1648224756615770112,oembed,our banks are in a hidden relationship with oil companies together they re fuelling climate change watch our powerful new film today and help them break up make my money matter april,2
1648714741408493569,https://twitter.com/Kenz300zx/status/1648714741408493569,oembed,climatechange media vs disinformation multi country media analysis shows scepticism of the basic science is dying out via silicon valley north april,0
1648744472790827021,https://twitter.com/Kenz300zx/status/1648744472790827021,oembed,the numbers regarding climate action speak for themselves said canada s minister for environment and climate change steven guilbeault he s right but the numbers other than for electricity paint a picture of negligible or no accomplishment at all the tyee april,0
1648979373838532610,https://twitter.com/Volunteersfora3/status/1648979373838532610,oembed,severe heatwave engulfs asia causing deaths and forcing schools to close more frequent and more intense heatwaves are part of the pattern of climate change climatehope bsky social april,0
1648587935879397377,https://twitter.com/thenetcoGTIU/status/1648587935879397377,oembed,globally million girls are out of school today because of poverty child marriage discrimination culture and climate change investing in girls education transforms communities countries and the entire world returnmyfuture educategirls gufasha girls foundation april,0
1647834323784007681,https://twitter.com/imperialcollege/status/1647834323784007681,oembed,air pollution is damaging people at every stage of their lives from before we re born right through to old age according to a landmark study out this morning from imperial college london the devastating consequences are in their own words hiding in plain sight good morning britain april,0
1648939015045881858,https://twitter.com/HespeChristina/status/1648939015045881858,oembed,gone are the days of causing physical destruction for extinction rebellion as they change their tactics do disruptive eco protests work debating the issue is xr and just stop oil who have not abandoned the more destructive tactics as they disrupted the world snooker good morning britain april,0
1648625007927369729,https://twitter.com/MeckeringBoy/status/1648625007927369729,oembed,we re in deep trouble we have to accelerate the renewable evolution here and now international energy agency renewables are the most important way to reduce co emissions in the electricity sector climate climateemergency climatecrisis dr paul dorfman april,2
1648949198761480193,https://twitter.com/SteveLeo_/status/1648949198761480193,oembed,the past years of more jobs made no economic sense the relevant workload today amounts to h a week the rest is systemic and or redundant economic net loss nonsense making us poor and baking earth a full blown systemic eco and genocide bullshitjobs april,2
1648937087868051457,https://twitter.com/scotgov/status/1648937087868051457,oembed,audit scotland said targets for reducing emissions would be missed if there were no improvements bbc scotland news april,2
1648667251917332480,https://twitter.com/Helenspicer15/status/1648667251917332480,oembed,your moment of doom for apr our tragic mantra faster worse than expected while observed warming has been close to climate model projections the impacts have in many instances been faster and even more extreme than the models forecasted prof eliot jacobson april,0
1648799217719148544,https://twitter.com/Swevensongs/status/1648799217719148544,oembed,the temperatures are already crazy so it s likely the shit will hit the fan this year those who bear the most blame are fossil fuel companies politicians the media and celebrities i hope they are all held to account every word here from is true matthew todd april,0
1648882869027340288,https://twitter.com/z2akhtar/status/1648882869027340288,oembed,you can listen climate tales on the occasion of world earth day today at am to am in red fm in morning show with rj smita climatetalk satyabrata samal mr soul april,0
1648843094211842048,https://twitter.com/o1kimi/status/1648843094211842048,oembed,ross garnaut cuts through this week s gas industry spin a rapid deployment of renewable energy would require less not more gas to firm up supply new projects such as those proposed by woodside energy and santos risked becoming stranded as the shift accelerates jess panegyres april,2
1648647283960082432,https://twitter.com/JEChalmers/status/1648647283960082432,oembed,so just to be clear jim will tell the entire nation in may that labor can t bring people out of poverty because the kitty is empty but they can afford hundreds of billions for submarines tax cuts and incentives for the rich and fossil fuel subsidies prof euan ritchie bsky social april,2
1648593462436962307,https://twitter.com/UlkaKelkar/status/1648593462436962307,oembed,rising heatwaves in india need urgent action wri india s ulka kelkar emphasizes the need for heat action protocols public awareness investment in cooling infrastructure powered by renewable energy watch video climatechange india renewableenergy wri india april,6
1648584526925365249,https://twitter.com/globalgreens/status/1648584526925365249,oembed,the countdown continues we are just days away from the global greens congress here are some of the sessions you can look forward to global ecocide law sustainable production green economy lgbtqia a global perspective and so much more join us global greens april,2
1648622137589084161,https://twitter.com/idoubteveryonr/status/1648622137589084161,oembed,alarmist number al gore the millionaire he has made so much more money from climate grifting over the past several years than he did when he was in office and his beach house no solar panels on the rooftop but most importantly it is a beach house climatescam jusper machogu april,0
1648689170666119169,https://twitter.com/voguebusiness/status/1648689170666119169,oembed,with legislation and investor pressure growing reporting is a first step for fashion to tackle its plastic use and production problem vogue business april,4
1648715392833974274,https://twitter.com/judesherry/status/1648715392833974274,oembed,ireland is on the brink of a new mining disaster with over of the land being made available for prospecting how did it come to this and how many of us are aware of the major risks to the environment and to irish citizens hot press april,2
1648437844338155521,https://twitter.com/REMADEInstitute/status/1648437844338155521,oembed,earthweek in first solar voluntarily established the industry s first global pv module recycling program and has been investing in pv recycling technology improvements ever since to increase recycling efficiency and drive down recycling prices for our customers first solar april,1
1648640512184680449,https://twitter.com/SDGscameroon/status/1648640512184680449,oembed,did you know that using banana leaves can help reduce plastic pollution they re a great alternative for packaging food and can easily be composted after use let s do our part in protecting the environment and switch to sustainable options bananaleaves plasticfree tangwa abilu sdg s april,4
1648609380592500736,https://twitter.com/BITC/status/1648609380592500736,oembed,join our head of sustainable development ann beavis who will be talking about the environmental impacts of office furniture and why buyers need to take action on business in the community s latest webinar you can sign up here crown workspace april,4
1648280315025129472,https://twitter.com/IncS2e/status/1648280315025129472,oembed,how can bizarch be leveraged to achieve circularity this is what we explored in the rd episode of our businessarchitecture meets sustainability webinar series with whynde kuehn daniel obst and circulareconomy across ahead april,4
1648616174081675264,https://twitter.com/FIEC_Brussels/status/1648616174081675264,oembed,online event towards a circular built environment what role for the eu join this policy dialogue with katharina knapton vierlich philip crampton samy kazemi sign up now european policy centre april,4
1648571433734340609,https://twitter.com/BedfordGreens/status/1648571433734340609,oembed,thanks to people who joined us at mayoral climate hustings last night questions from public included relating to active travel air quality green job skills circular economy east west rail escooters extreme weather climate adaptation learning from elsewhere bccf april,0
1648281364507107328,https://twitter.com/algopeers/status/1648281364507107328,oembed,for the next few weeks we re happy to have billy lead our learners at in blueprinting the implementation of a circulareconomy for sustainable communities an area to which he has dedicated significant time researching doyourbitwithmicrobit microbitchampions sam quansah april,4
1647847229158219776,https://twitter.com/FPE_FlexPack/status/1647847229158219776,oembed,today over industry associations from the packaging value chain urge the co legislators to safeguard the internal market legal basis of the packaging and packaging waste regulation ppwd read the full statement here europen april,4
1648718203428691970,https://twitter.com/citrisnews/status/1648718203428691970,oembed,as former citris researcher once said climatechange offers a great challenge a greater opportunity we re committed to helping the lead the fight against its worst impacts read about our research this earthweek citris april,0
1634322103989051392,https://twitter.com/axios/status/1634322103989051392,oembed,venture firms investing only in climate tech are driving a majority of activity in the industry via axios march,5
1648562495412396034,https://twitter.com/havenfoundation/status/1648562495412396034,oembed,goal nextgen youth program for youth stipend applications are open for young changemakers who are working to create a fairer more sustainable future for all working together to develop tools for spreading awareness applynow habitation for empowerment network april,4
1648680387424538624,https://twitter.com/posamentier/status/1648680387424538624,oembed,in launched one of the few dedicated early stage climate vc funds they bet on other investors following on now they re doing that themselves they raised a m fund to keep investing in startups as the grow and mature julian spector april,5
1648571169203974146,https://twitter.com/sidehustleopps/status/1648571169203974146,oembed,what is the best renewable energy sector domain name you own renewableenergy domainsellers domainers domaininvestment domainmarket selldomains domainsforsale daaz april,1
1648344818098089985,https://twitter.com/doey_ann/status/1648344818098089985,oembed,holyyyy this is dumb we have these natural things that literally already do this they re called trees apple pregnancy climate america biden trump china russia ukrainerussianwar co carbondioxide andrewtate tucker elon tuesdaymotivations taxiday truthgpt jeffrey epstein s ghost april,0
1648575684850204672,https://twitter.com/omnipotent32/status/1648575684850204672,oembed,we at gryphon mine bitcoin with carbonneutral energy btc gryphon digital mining april,5
1644724326497746946,https://twitter.com/AjitSinghCG/status/1644724326497746946,oembed,as companies strive to reduce their carbonfootprint achieve sustainability goals tackling scope emissions has become a priority learn more about these strategies how they can help organizations unlock the power of data capgemini india april,3
1640641714929934336,https://twitter.com/Shell/status/1640641714929934336,oembed,the shell sustainability report is now online read more shell march,4
1648591910947414017,https://twitter.com/CEO_EESL/status/1648591910947414017,oembed,mission life is about democratising the battle against climate change when people become conscious that simple acts in their daily lives are powerful there will be a very positive impact on the environment hon ble pm shri missionlife bee energyefficiency bureau of energy efficiency april,0
1648447763099848705,https://twitter.com/samedverep/status/1648447763099848705,oembed,carbon footprint kidneystones does it matter kidneystoneacademy april,3
1648350478483304450,https://twitter.com/McKinsey/status/1648350478483304450,oembed,creating ccus hubs can accelerate development of carbon removal technology but where should they be located find out how building ccus hubs near clusters of large emitters can lower costs oilandgas mckinseyinsight ccus carboncapture mckinsey company april,3
1648650366425210881,https://twitter.com/frontiersci/status/1648650366425210881,oembed,at seminar on banking for the green transition green week in copenhagen with gp dk business unusual dk where does the money come from oikos sustainia csr cselab greenclimate bigfi rethiking economics scott hill april,6
1648793597838499840,https://twitter.com/kensands/status/1648793597838499840,oembed,washington on monday said he has approved plans by cypress creek renewables to construct two large solar farms in yakima county in the central part of the state cypress creek will build the two mw projects high top solar and ostra solar rto insider april,1
1648736142982774789,https://twitter.com/HoustonTX/status/1648736142982774789,oembed,congrats houston for celebrating earth day w panels on transit resilience water the future of e mobility energy transition building optimization resiliency by design etc france is defending an ambitious position w a target of greenhouse gas emissions in consulate of france in houston april,2
1648797908463157248,https://twitter.com/chrisnelder/status/1648797908463157248,oembed,in ep joins us to discuss the importance of unglamorous solutions in the energytransition what if the most fundamental transformative and enduring aspects of the energy transition aren t about technology but rather policy and investment transition show energy april,6
1648783941212557314,https://twitter.com/enviro_matters/status/1648783941212557314,oembed,bosch will invest mln eur in heat pump factory in poland another investment but potential is larger according to the draft state energy policy until more then mln heat pump will be installed in my country with mln buildings joanna pandera april,6
1648728080221863956,https://twitter.com/rinnovabiliit/status/1648728080221863956,oembed,rinnovabili e innovazione ecco il nuovo generatore termoelettrico che produce energia pulita h energy energytransition technology innovation research renewableenergy sustainability europe russia ukrainerussiawar graded april,1
1648708043570556931,https://twitter.com/YourAlberta/status/1648708043570556931,oembed,alberta releasing new climate plan based on the idea that it not ottawa is best positioned to implement policy the globe and mail april,0
1648733584545689600,https://twitter.com/sonyasavage/status/1648733584545689600,oembed,presser at the ucp s climate plan which leans heavily on carbon capture and storage first question comes from a ceo of a carbon capture and storage company asking them to re hype the talking points no joke abpoli ableg cdnpoli the breakdown april,3
1646132494507339777,https://twitter.com/SETIenergy/status/1646132494507339777,oembed,a friendly reminder for our network to submit energy related research works for our events in june seti virtual workshop and the pre conference event at eaere deadline is april register here seti energy april,6
1648689804434096129,https://twitter.com/MichaelWigginsO/status/1648689804434096129,oembed,bkr baker hughes energy transition picks up momentum investing stocks markets seeking alpha april,2
1648281043185680384,https://twitter.com/Europarl_EN/status/1648281043185680384,oembed,meps have adopted the reform of the eu s emissions trading system including for aviation and maritime the carbon border adjustment mechanism and a new social climate fund european parliament april,5
1648630741801246720,https://twitter.com/PatrikMuncaster/status/1648630741801246720,oembed,with an energy density of up to wh kg our innovative condensed battery can achieve high energy density and high level of safety at the same time in a creative manner opening up a brand new electrification scenario of passenger aircrafts more catl april,1
1648453102348177410,https://twitter.com/PatrikMuncaster/status/1648453102348177410,oembed,what drives more than of all u s energy consumption heating cooling homes schools hospitals and other critical facilities we announced m to accelerate american electric heat pump manufacturing applications are now open u s department of energy april,6
1648646817179922432,https://twitter.com/quakes99/status/1648646817179922432,oembed,china initial construction begins for second nuclear reactor at lianjiang nuclearpower nuclearenergy total of six plants planned for guangdong province site nucnet nuclear news april,7
1648356996410744834,https://twitter.com/BeFlexible_eu/status/1648356996410744834,oembed,system flexibility is particularly needed in the eu s electricity system where the share of renewableenergy is estimated to reach by and by from in more on energystorage for the future energysystem energy europe april,1
1648660362537889800,https://twitter.com/martutis6/status/1648660362537889800,oembed,day before the next epah lunch talk dedicated to behaviour change to tackle energypoverty you can still register to join us and share your experience on energy behaviour and supporting vulnerable consumers with their energyconsumption eu energy poverty advisory hub april,6
1633566571779051520,https://twitter.com/JustIdeals/status/1633566571779051520,oembed,on january st new shipping regulation came into effect imo decreasing the maximum amount of sulfur in shipping fuels from to from we see a rapid increase in the amount of solar radiation that s being absorbed by the region highlighted above leon simons march,2
1647978221508370433,https://twitter.com/bprophetable/status/1647978221508370433,oembed,here s why downpour in florida just wouldn t stop climatecrisis earth accounting april,0
1648714455176581120,https://twitter.com/capeacadia/status/1648714455176581120,oembed,this is the plan of the plan to maybe have a climate plan in alberta no real targets no short term goals a nothing burger while the global economy is shifting faster than you think ableg abpoli nagwan al guneid april,0
1648761054158020612,https://twitter.com/Mokhanmohammadi/status/1648761054158020612,oembed,to keep global warming below c methane emissions from fossil fuel must fall by by unep s oil gas methane partnership provides a framework for the oil gas industry to improve accuracy transparency of methane emissions reporting un environment programme april,3
1629231632098947072,https://twitter.com/FireDrillFriday/status/1629231632098947072,oembed,what do we want climatejustice when do we want it now whether you re a life long environmentalist or a new climate advocate firedrillfridays invites you to engage with the movement rise up for a cleaner greener healthier world fire drill fridays february,0
1648740951509041156,https://twitter.com/Dixiechicken16/status/1648740951509041156,oembed,we can no longer ignore or call climate change a chinese hoax it starts with putting elected officials in office who are committed to addressing this coming nightmare stop fucking voting for republicans climateactionnow republicansaretheproblem trublue proudblue onev scottblocks stupid magats april,0
1648406038897410054,https://twitter.com/nuance2501/status/1648406038897410054,oembed,these drones are planting trees to fight the climate crisis mashable april,0
1646236487984492544,https://twitter.com/MonicaRPrabhu/status/1646236487984492544,oembed,sf climate friends join us monday at for our climate week session on optimizing your capital stack panel hosted by me with jennifer mcfarlane jocelyn mattias and we ll have some networking pizza beer cookies and a lot of perspective dimitry gershenson april,0
1648008472431042584,https://twitter.com/greenestcity/status/1648008472431042584,oembed,congratulations to the buildings recognized in the inaugural bc embodied carbon awards hosted by and the carbon leadership forum bc embodiedcarbon carbonfootprint ceap vanclimateemergency city of vancouver greenest city april,3
1648315549384859649,https://twitter.com/Reuters/status/1648315549384859649,oembed,european parliament backs reform of eu carbon market reuters april,5
1648294310733926400,https://twitter.com/Hearni/status/1648294310733926400,oembed,it s official the european parliament has adopted major climate laws that will have big impacts on business and industry not several years in the future but in a matter of months a short thread with the top things you need to know carbonchain april,5
1648251992068726786,https://twitter.com/HataaliCGT/status/1648251992068726786,oembed,an insightful thread from on the findings of the latest carbonaccounting report produced as part of the funded carbon accounting programme read the full report energy systems catapult april,3
1648226478344077312,https://twitter.com/TotalEnergies/status/1648226478344077312,oembed,reducing our emissions is not limited to co for years we have also been taking action on our methane emissions our ambition to move towards zero methane emissions by because this is essential to reducing global warming totalenergies april,3
1647944309319032833,https://twitter.com/NEAutoAlliance/status/1647944309319032833,oembed,in recognition of the ongoing energy related challenges the neaa will deliver an energy showcase event on may to understand the current energy landscape and support companies with implementing an energy strategy and quick win activities book here neautomotivealliance april,6
1648374478274183170,https://twitter.com/ga_richardson/status/1648374478274183170,oembed,vancouver s svante to scrub co from australian industries svante partners with australian company in carbon capture and storage project tech bctech biv news april,3
1648307408220086272,https://twitter.com/markburgerenerg/status/1648307408220086272,oembed,india s largest oil company targest gw of renewables by state owned oil and natural gas corp ongc said it plans to invest inr billion billion to build gw of renewable energy renewableenergy solarenergy sustainability pv magazine april,1
1647948027230064646,https://twitter.com/ExnerPirot/status/1647948027230064646,oembed,on april our webinar panel moderated by will review major initiatives for carboncapture in alberta saskatchewan as well as new carbon tech approaches making productive uses of carbon dioxide join the conversation macdonald laurier institute april,3
1647338247343988737,https://twitter.com/Joshmedia/status/1647338247343988737,oembed,i am excited to share a wide ranging video i did with not a surprise we talked about sustainability covid crypto entrepreneurship state of play in sf and some back in the day shit thx josh felser april,5
1646979966138040320,https://twitter.com/PlantationNoise/status/1646979966138040320,oembed,is crypto really that bad for the environment how can we change this of shares his thoughts on potential climatetech solutions in the latest speakbold episode stronghold april,0
1648052735869177871,https://twitter.com/OPISDeannaH/status/1648052735869177871,oembed,get up to speed on how the carbon credit market works on opis energy insights on barron s live this friday at pm et register for free netzero carboncredits oil price info svc april,5
1647868663851040768,https://twitter.com/4freedomjustice/status/1647868663851040768,oembed,when a farmer asks the climate change experts a simple question climatescam climatehoax sophie still fighting april,0
1647938493715214338,https://twitter.com/ajgarcialive/status/1647938493715214338,oembed,a new report found examples of greenwashing from meat milk brands including the term carbon neutral so what does carbon neutral mean claire hamlett breaks down what companies are supposed to do and what actually happens via jenny splitter april,3
1647876298197573633,https://twitter.com/triwaworld/status/1647876298197573633,oembed,swedish watchmaker believes it s time for a change that s why it has launched the first ever consumer product made from ssab s fossil free steel powder a watch called time for decarbonization fossilfreesteel timefordecarbonization ssab april,5
1647371472841723907,https://twitter.com/EnvDefenseFund/status/1647371472841723907,oembed,areas of historically low deforestation have been kept that way largely by indigenous peoples and local communities but now they re facing the same threats that are bringing down forests elsewhere they need urgent access to forest climate financing edf april,0
1647306751211982850,https://twitter.com/neeleshmisra/status/1647306751211982850,oembed,scientists from spain are at risk of prison for non violent peaceful protest against climate failure speaking up for the future of our planet is not a crime spanishsolidarity scientist rebellion april,0
1641349655207333888,https://twitter.com/rocits/status/1641349655207333888,oembed,are you ready to repowereu the edition of the european social innovation competition is here and this year s challenge is fighting energy poverty the eueic wants to see how you re addressing this crisis more info diogochallenge european innovation council march,6
1647581891485392897,https://twitter.com/monstercroom/status/1647581891485392897,oembed,hours before closing reactor german utility announces price rise as eon closed nuclear by far its cheapest reliable power it announced a big jump for many customers from what are already some of europe s highest prices helps buy carbon permits mark nelson april,7
1647521488784769025,https://twitter.com/Gary_Morga/status/1647521488784769025,oembed,net zero is trapping us in the dungeons of state control essentially open air prisons total control coupled with cbdc s and min zones coming to a district near you soon too unless you don t comply resist uk jim ferguson april,5
1647375402313326593,https://twitter.com/jacquitaylorfb/status/1647375402313326593,oembed,as germany closes its final nuclear plants let s remember what a silly decision this is the world is trying to tackle climate change millions die from fossil fuel driven air pollution every year now is not the time to shut down low carbon clean sources of power hannah ritchie april,7
1647440338183921665,https://twitter.com/JKEIrvine/status/1647440338183921665,oembed,don t buy into the climate scam is pushing roughneck april,0
1647502803495952384,https://twitter.com/PHOTOGUYSHOOT/status/1647502803495952384,oembed,if the experts making the decisions don t know the basics of what they are dealing with who is making them climatechange climatescam con wakeup retweet hookie april,0
1647534534760570881,https://twitter.com/RobertJ95156615/status/1647534534760570881,oembed,people are waking up to the totalitarian nature of net zero but rest assured the climate totalitarians will still march ahead with their plans they re not about to throw decades of planning out the window to appease the pesky peasant class it s time the people showed these wide awake media april,5
1646451251268182016,https://twitter.com/KYTKYTKYTKYTKYT/status/1646451251268182016,oembed,the eu s detrimental net zero policies which include an actual carbon tax system are expected to spiral ordinary people into poverty and long lasting dependency last year eu negotiators how democratic agreed on a reform of what s called the eu emissions trading system eva vlaardingerbroek april,5
1647529267914326022,https://twitter.com/FalseSimplicity/status/1647529267914326022,oembed,the german nuclear phase out is a victory of reason over profit over powerful corporations and their client politicians it is a people powered success against all the odds dr paul dorfman april,7
1647555534789156866,https://twitter.com/ItzmanNoam/status/1647555534789156866,oembed,plastic pollution is solvable but it will require multiple actions like producing fewer plastics replacing plastic with alternative materials scaling up recycling methods to name a few learn more via pew europe april,4
1647564653512523782,https://twitter.com/WBMaldives/status/1647564653512523782,oembed,the resolution calling for waste transfer between residential islands and resorts as well as the audit report of the council s new building will be discussed at the atoll council s th meeting noonunaturally circulareconomy noonu atoll community april,4
1647278607876734976,https://twitter.com/TheCityofMalden/status/1647278607876734976,oembed,come on down to pine banks for the first annual green malden fair from pm to pm free styrofoam cycling free seedlings free composting bucket for those who sign up free ewaste recycling free month bluebike memberships city of malden april,4
1647057985426931713,https://twitter.com/tsole11/status/1647057985426931713,oembed,a must read for anyone working in climate tech we need more creative approaches to capital to scale new and existing climate solutions janice tran april,0
1647250357771198469,https://twitter.com/fabuliner17/status/1647250357771198469,oembed,greta thunberg is a young swedish environmental activist born who is known for challenging world leaders to take immediate action on climatechange she co founded the fridaysforfuture school strike movement and continues to speak truth to power worldwide demsabroad democrats abroad april,0
1647129638483763201,https://twitter.com/CarbonActionNow/status/1647129638483763201,oembed,with the truth drowned out by a tsunami of disinformation including the bizarre suggestion of nuclear waste dumping st ives town council decides not to be part of the climate solution carbonactionnow april,0
1647405195955978240,https://twitter.com/ChuckDalldorf/status/1647405195955978240,oembed,uprooted by rising sea levels and destructive storms a native tribe in louisiana took part in the first federally funded relocation of a community due to climate change reports on the unexpected complications the effort faced pbs news april,0
1647571848857526275,https://twitter.com/TheLast49096308/status/1647571848857526275,oembed,these are the experts of the climate change spirosthe st april,0
1647445800358748160,https://twitter.com/ShrekKeplr/status/1647445800358748160,oembed,you re a biofuels consultant you have a blindingly obvious objective in protecting your business interests in the green grift it all makes sense now be nice if you included the biofuels advocacy in your twitter bio so ppl could judge better billy bishop april,3
1647464997323255809,https://twitter.com/colina21412346/status/1647464997323255809,oembed,there was no hole in the ozone layer there wasn t acid rain there was no global warming and now because there s no climate crisis they re starting to manufacture their own wake up please climatescam concerned citizen april,0
1647572341545738242,https://twitter.com/PlasticWasteBot/status/1647572341545738242,oembed,qatarenergy signs mou with namibia to enhance energy cooperation qatarenergy yourenergytransitionpartner qatar qatarenergy april,1
1647472567794425857,https://twitter.com/MeckeringBoy/status/1647472567794425857,oembed,energy and environment ministers of the group of seven wealthy nations have vowed to work to hasten the shift toward cleaner renewable energy but set no timetable for phasing out coal fired power plants the associated press april,2
1647352302171308036,https://twitter.com/SonofMars814/status/1647352302171308036,oembed,sex is good but have you tried having your country shutting down its last nuclear power plants in mn m lanie vogel april,7
1647015145049128963,https://twitter.com/Jamiecm81/status/1647015145049128963,oembed,there is no easy way to talk about this but today joe biden approved a gas project in alaska this includes miles of pipeline a gas treatment plant a liquefaction facility a lng terminal that would process metric tons of gas per year climate defiance april,2
1636624965402337280,https://twitter.com/ZeynepinLE/status/1636624965402337280,oembed,we have been pretending to care about climate action for years n marc hudson march,0
1647237687483547648,https://twitter.com/UN/status/1647237687483547648,oembed,global activists avaaz call out doug ford ontario gov t is planning to destroy an area the size of hockey rinks across greenbelt threatening one of the most richest areas of biodiversity in the country but we have a plan to stop them sign rt kevin thomason april,0
1646873783083442178,https://twitter.com/WPHendriks/status/1646873783083442178,oembed,fossil fuels friday scientist rebellion april,2
1460159146720997377,https://twitter.com/hertscc/status/1460159146720997377,oembed,a reminder the people in power don t need conferences treaties or agreements to start taking real climate action they can start today when enough people come together then change will come and we can achieve almost anything so instead of looking for hope start creating it greta thunberg november,0
1647503060711645185,https://twitter.com/CBeing22/status/1647503060711645185,oembed,how to baffle the climate change experts with a well known fact man of kent april,0
1647317724505206786,https://twitter.com/Justice30/status/1647317724505206786,oembed,the uk is on the verge of approving s rosebank oil field rosebank would emit more co than the poorest countries do in a year and the uk would cover of the cost of developing the field this govt is subsidising the climate crisis and oil industry profits stoprosebank april,5
1647609581739077632,https://twitter.com/OrmatInc/status/1647609581739077632,oembed,my news feed this morning is full of green party members cheering the closure of nuclear power in germany which prolongs a reliance on coal and burning man cheering their successful blocking of a renewable energy project depressing all around tim latimer april,7
1647609976305639427,https://twitter.com/SvenVanZanten01/status/1647609976305639427,oembed,the science says massive emissions are disrupting life systems by increasing solar energy absorption apt security policy for human civilization demands swift actions to mitigate risks fossil material extraction and use in construction energy is short term certainty alg rhythm april,2
1647487112789336064,https://twitter.com/empathiser/status/1647487112789336064,oembed,comprehensive exchange with cop president designate sultan al jaber on how implementation of the s recommendations can help move the world closer to achieving its climate goals fatih birol april,0
1647570795604869120,https://twitter.com/citizensclimate/status/1647570795604869120,oembed,opinion why nation sc need to fast track transformation to clean energy celebrate earth the greenville news april,2
1647584545804365824,https://twitter.com/SvenVanZanten01/status/1647584545804365824,oembed,switching from fossil fuels to renewable energy could save the world as much as tn by an oxford university study says it was wrong and pessimistic to claim that moving quickly towards cleaner energy sources was expensive breathelife dr maria neira april,2
1647527828429086721,https://twitter.com/SvenVanZanten01/status/1647527828429086721,oembed,revolution decentralised energy solar wind now we can store electricity and use it when we need it lithium will power us for the next years then robots tesla optimus ai evs renewables ess energy evsmassmarket tsla lit batt kirill klip gold revolution april,1
1647525196155482112,https://twitter.com/SvenVanZanten01/status/1647525196155482112,oembed,these ultra thin cells could power boats drones or disaster relief operations by renewables innovation greenenergy franco ronconi april,1
1647522447804055553,https://twitter.com/SvenVanZanten01/status/1647522447804055553,oembed,tesla megapack project breaks ground arizona s largest project yet tesla energy revolution batteries supercharged by solar wind evs powered by lithium wired by copper built by robots delivered by drones kirill klip gold revolution april,1
1647501368800804864,https://twitter.com/SvenVanZanten01/status/1647501368800804864,oembed,renewable evolution dr paul dorfman december,2
1647498184845930496,https://twitter.com/SvenVanZanten01/status/1647498184845930496,oembed,federal government releases billion in rural electric funding american solar energy society april,1
1647483133736935424,https://twitter.com/SvenVanZanten01/status/1647483133736935424,oembed,by germany renewable power to generate as much as nuclear plants and no nuke waste no buying fuel as solar wind hydrogen is free last german nuke plant shuts down today solar life april,7
1647540466710364160,https://twitter.com/fbirol/status/1647540466710364160,oembed,today drsultanaljaber met with executive director of to discuss scenarios for ensuring a just pragmatic inclusive energy transition cop uae april,2
1647246213505245186,https://twitter.com/wenyuweng/status/1647246213505245186,oembed,great article from and nadja popovich on the role of electrification in achieving net zero by and whether our grid can handle it james hewett april,1
1647507284858159106,https://twitter.com/NeilAtkinson58/status/1647507284858159106,oembed,how about electricity grids g ministers set big new targets for solar and wind capacity adi imsirovic april,1
1647487501328695297,https://twitter.com/jan_poortere/status/1647487501328695297,oembed,ol makes finland almost self sufficient as finland s greatest climate act it will also accelerate the move towards a carbon neutral society this is a historical day the benefits that we promised ol would bring to the finnish society are realised k rnfull next april,5
1647516502898233345,https://twitter.com/G7/status/1647516502898233345,oembed,g ministers set big new targets for solar and wind capacity reuters april,1
1614328570725437440,https://twitter.com/WellbeingEvent/status/1614328570725437440,oembed,how lloyd s register denied life saving ppe to surveyor and then fired that whistleblower eexi cii lrhorizons maritime diversity energytransition decarbonisation biofouling lng digitalisation certificationsimplified romonosky benjazz january,5
1647231319657664517,https://twitter.com/Kenz300zx/status/1647231319657664517,oembed,you don t need to be an expert to be a climate activist you just have to want to make a change what are you doing to act on climate climateemergency climateaction climateactionnow a new day in america april,0
1647575335444029441,https://twitter.com/Kenz300zx/status/1647575335444029441,oembed,an endanger golden monkey couple hugging heartbreaking to watch the emotions they can express nature is amazing protect it actonclimate climate energy nature rewilding greennewdeal mike hudema april,0
1635996897960775681,https://twitter.com/Riseupmovt/status/1635996897960775681,oembed,to properly address the inevitable influx of female climate refugees the israeli government must acknowledge the interconnectedness of climatechange and gender and the specific needs of female refugees writes dr hadas cohen in this new blog iucn gender march,0
1647496281747599361,https://twitter.com/Kenz300zx/status/1647496281747599361,oembed,banks say they re acting on climate but continue to finance fossil fuel expansion new reports say banks are not shifting away from fossilfuels fast enough while lending declined last year it was likely bcos oil companies were swimming in profits dr jill belch april,5
1647547890389098497,https://twitter.com/scc/status/1647547890389098497,oembed,new a billionaire bidding to build an environmentally friendly highland golf course on protected sand dunes has been branded a trumpian climate denier over donations to us groups and politicians who have challenged climate science the ferret april,0
1647519749738311680,https://twitter.com/BeeVee23/status/1647519749738311680,oembed,worth remembering that for the years fossil fuel companies have been knowingly burning our futures they ve made almost in profits every single day and our leaders have done nothing except continue to take their money climate dad april,2
1645687153425301506,https://twitter.com/profmarkreed/status/1645687153425301506,oembed,there are major concerns around carbon markets and calls for government to act in this thread i want to share behind the scenes work from defra and scottish government and my own ideas for what need to be done to avoid harm and get these markets to work for the public good mark reed april,3
1647400701918846976,https://twitter.com/jacannica/status/1647400701918846976,oembed,climate protectors just stopped a coal train at worlds largest coal port newcastle australia risingtide protectprotest nswpol sue higginson greens mp april,2
1647103204369350656,https://twitter.com/eviebauer727/status/1647103204369350656,oembed,climate change is threatening your favorite chocolate bar here s how with nowthis impact april,0
1647304022682943489,https://twitter.com/256Solomon/status/1647304022682943489,oembed,we must stand with young people to support their climate action so that together we can avoid climate disaster climatejusticeclub climateactionnow planttrees treescape planet organization april,0
1646760194225963010,https://twitter.com/greifswaldmoor/status/1646760194225963010,oembed,peatlands nature s carbon sponges new video article by highlighting germany s efforts to reclaim these wetlands peatland passionists of umweltministerium mv show why they devote their hearts to it greifswaldmirecentre april,3
1647084329905065985,https://twitter.com/TanDesignSA/status/1647084329905065985,oembed,the bhalswa landfill in delhi india burned for two months last year the most likely culprit a brutal heat wave insider tech april,6
1647170460214345728,https://twitter.com/syawal/status/1647170460214345728,oembed,g ministers agree to cut gas consumption and speed up renewable energy reuters science news april,2
1647041780804714500,https://twitter.com/podkas1/status/1647041780804714500,oembed,carbon capture is a gimmick to keep fossil fuels flowing even as planet burns saudi arabia and russia have called on the world bank to ramp up its financial support for carbon capture and storage go green april,3
1647053949395169280,https://twitter.com/JoshNewmanCA/status/1647053949395169280,oembed,as california endeavors to achieve net zero carbon pollution by the research conducted by will be critical in assisting the development of the technologies necessary to decarbonize our energy and transportation systems senator josh newman april,5
1646694805890580480,https://twitter.com/antgrasso/status/1646694805890580480,oembed,in the us emitted billion metric tons of co from energy production it is time to shift to energy sources such as wind solar and nuclear power to achieve a clean energy future source link via sustainability antonio grasso april,2
1647373942980505602,https://twitter.com/SvenVanZanten01/status/1647373942980505602,oembed,tom cruise single handedly saving cinema going g the solar aba behavioral guy april,1
1647371541267595264,https://twitter.com/SvenVanZanten01/status/1647371541267595264,oembed,breaking g ministers agreed to cut natural gas consumption and increase electricity from renewable sources while phasing out fossil fuels faster and building no new coal fired plants g canada france germany italy japan uk us eu mark z jacobson april,2
1647251668373839878,https://twitter.com/zismo64/status/1647251668373839878,oembed,if you believe that today s climate change is caused by too much carbon you have been fooled we live on a spinning planet that rotates around a much bigger sun along with other planets and heavenly bodies rotating around the sun that all create gravitational pull on one former congresswoman marjorie taylor greene april,0
1647348110308286469,https://twitter.com/SvenVanZanten01/status/1647348110308286469,oembed,czech firm shuts solar plant after it generated more power than the grid could handle it was a sunny that the grid could not handle go green april,1
1646895545737150466,https://twitter.com/Gotham_ETH__/status/1646895545737150466,oembed,good morning exciting news our highly anticipated public pre sale is just around the corner don t miss your chance to secure your spot in the renewable energy revolution wednesday april th pm est click link below for more info solareum april,1
1647336502001651715,https://twitter.com/SvenVanZanten01/status/1647336502001651715,oembed,sustainable living is not a sacrifice but a way to live more intentionally and in harmony with nature by embracing a sustainable lifestyle we can create a healthier happier and more resilient world sustainability carbonfootprint rich solar april,3
1647011852566552579,https://twitter.com/SandraPurohit/status/1647011852566552579,oembed,us sen rosen says nevada can be the entertainment capital the solar capital thanks to ira these investments will create good paying jobs help lower energy costs for families help tackle the climate crisis via cleanjobsnv e april,2
1647237670513328129,https://twitter.com/drvolts/status/1647237670513328129,oembed,the climate fight is about politics and power argues if you re not willing to have the hard fight you re not really fighting the fight jeff goodell april,0
1647290325776449537,https://twitter.com/SvenVanZanten01/status/1647290325776449537,oembed,energytransition goalsetting facts renewables cleanenergy federico fern ndez d april,1
1647268564238204932,https://twitter.com/POTUS/status/1647268564238204932,oembed,and i are building a better future across our nation we are rebuilding roads bridges ports and airports we are replacing toxic lead pipes and bringing high speed internet and clean energy to every community vice president kamala harris archived april,2
1647124051125497856,https://twitter.com/P_Graichen/status/1647124051125497856,oembed,drsultanaljaber met today with s state secretary at the federal ministry for economic affairs and climate action they discussed accelerating the energy transition and scaling up the availability of finance needed for a just energy transition ahead of cop cop uae april,2
1646986185007398914,https://twitter.com/PoliticalStew1/status/1646986185007398914,oembed,we re building a clean energy future that creates good paying union jobs joe biden april,2
1647280486216089606,https://twitter.com/SvenVanZanten01/status/1647280486216089606,oembed,switching to renewableenergy could save trillions our central conclusion is that we should go full speed ahead with the green energytransition energy renewables innovation peter strachan april,2
1647271968297590785,https://twitter.com/SvenVanZanten01/status/1647271968297590785,oembed,maharashtra tenders mw of distributed solar maharashtra state electricity distribution co ltd msedcl has started accepting bids to develop grid connected ground mounted solar plants in the aurangabad kokan solarenergy india sustainability pvmagazineindia april,1
1647264462183751683,https://twitter.com/EcologyAction/status/1647264462183751683,oembed,i just took action to demand clean reliable and affordable energy in canada by go to to send your own message to decision makers cleanenergy climateemergency climatechange nancyfjorde bsky social april,2
1647094840784715776,https://twitter.com/columbiaclimate/status/1647094840784715776,oembed,the outrage of clean energy modelers at any suggestion policies based on their models might not work out as predicted is really something doing so makes us ivory tower elitists anti innovation and anti abundance neo malthusian ted nordhaus april,2
1647264554810855427,https://twitter.com/SvenVanZanten01/status/1647264554810855427,oembed,switching from fossil fuels to renewable energy could save the world as much as trillion not to mention stave off damage and upheaval we have the solutions actonclimate climateemergency climate energy renewables greennewdeal letsgetmoving mike hudema april,2
1646952762037489671,https://twitter.com/DRyanRieux/status/1646952762037489671,oembed,the science is clear continuing to burn fossilfuels will spell humanity s demise the good news is alternatives are available will save money and give us a chance at long term survival read davidsuzuki s latest column cndpoli climatechange david suzuki fdn april,2
1647199862885175298,https://twitter.com/erin_orga/status/1647199862885175298,oembed,how do we create enough power to live on the moon sustainably that s something we re working on for we ll talk about nuclearenergy off world at s spacesymposium next week in colorado more on our out of this world work westinghouse nuclear april,7
1647239101848985601,https://twitter.com/progressive_va/status/1647239101848985601,oembed,recycling can deliver new battery materials without the expense and environmental impact of new mining it is extremely hard to develop new mines in the u s but the federal government is lavishing funds on new battery recycling plants canary media april,1
1646970332987772928,https://twitter.com/ENERGY/status/1646970332987772928,oembed,x energy s work was recently featured at s summit showcase of high potential high impact energy technologies check out our recap of this event here x energy april,6
1647228144431054851,https://twitter.com/SvenVanZanten01/status/1647228144431054851,oembed,good morning with good news solar is being built fast enough to reach net zero in ev sales globally are soaring accounting for nearly in up from less than in demand for all transport fuels will peak by so says ed of iea john raymond hanger april,1
1647198294194655234,https://twitter.com/SvenVanZanten01/status/1647198294194655234,oembed,we are on the way to jupiter and its ocean worlds with the critical milestone of solar array deployment completed we have a mission full story explorefarther destinationjupiter esa s juice mission april,6
1646967391681761287,https://twitter.com/IEA/status/1646967391681761287,oembed,transformative changes are speeding up the emergence of a new clean energy economy bringing forward the expected peak in global fossil fuel demand read in full my new article published in today s on the broader implications for energy climate fatih birol april,2
1647148002820194305,https://twitter.com/RazomWeStand/status/1647148002820194305,oembed,g lng is a bridge fuel to climate disaster nolng andy gheorghiu april,2
1647160725805350912,https://twitter.com/SvenVanZanten01/status/1647160725805350912,oembed,via the explosion solar marketing communications tor valenza april,1
1647151703547060230,https://twitter.com/SvenVanZanten01/status/1647151703547060230,oembed,tnr gold says elon musk is catalyst for partial ganfeng s mariana lithium royalty sale trrxf tnrgold tnr v royalties marianalithium ganfeng lithium gnenf evs tesla revolution renewables tsla batt f gm alb sqm lthm gdx gdxj kirill klip gold revolution april,1
1646774690600329220,https://twitter.com/Brent_Council/status/1646774690600329220,oembed,heat pumps crowding out fossil fuel heating systems heat pump sales now rivalling fossil fuel based heating systems in some markets around the world shows at current rate heat pumps would nearly double their share of heating in buildings by jan rosenow april,6
1647147753955381250,https://twitter.com/SvenVanZanten01/status/1647147753955381250,oembed,solar magazine de harde cijfers europa importeert procent meer zonnepanelen uit china solar storage magazine april,1
1647144632818515971,https://twitter.com/SvenVanZanten01/status/1647144632818515971,oembed,solar magazine project van de week prologis neemt na zonnepanelen batterij van megawattuur in gebruik solar storage magazine april,1
1643186696991768577,https://twitter.com/ERGnow/status/1643186696991768577,oembed,renewableenergy is crucial for europe s energy security especially after last year s crises windenergy expansion is now an overriding public interest repowereu upcoming reforms will accelerate europe s transition to renewables electrification alliance april,1
1646621265497563136,https://twitter.com/EU_Commission/status/1646621265497563136,oembed,china now has enough wind and solar to power every home un sdgs climateaction actnow april,1
1647114937104474112,https://twitter.com/SvenVanZanten01/status/1647114937104474112,oembed,gujarat govt to speed up renewable energy projects by granting na status deshgujarat anand nazareth april,1
1647327895512313856,https://twitter.com/Romanovichphoto/status/1647327895512313856,oembed,meanwhile as germany brings to a close its years of nuclear crimes finland s new mw olkiluoto reactor europe s largest will begin pumping its full power into the electrical grid tomorrow uranium carbonfree cleanenergy energysecurity netzero john quakes april,7
1647210409403744257,https://twitter.com/antonellaautero/status/1647210409403744257,oembed,energia rinnovabili nel mondo e in italia a che punto siamo il report energy energytransition renewableenergy green greenenergy sustainability europe russia ukraine ukrainerussiawar graded april,1
1647194792676188161,https://twitter.com/jjimimenez1/status/1647194792676188161,oembed,electricity grids are the world s biggest machines if the world is to meet its net zero commitments they must be utterly transformed the economist april,1
1647162420497113089,https://twitter.com/fbirol/status/1647162420497113089,oembed,at the ministerial in sapporo i highlighted the clean energy economy is emerging faster than many think solar evs heat pumps more are changing the game governments need to factor this into policy actions supply chains need to be more secure sustainable fatih birol april,6
1647162860420890627,https://twitter.com/COP28_UAE/status/1647162860420890627,oembed,dr sultan al jaber meets with the french minister of energy transition cop uae uae cop uaeforclimate climateaction france energytransition uae forsan april,2
1647027273457967116,https://twitter.com/Jesse_terry/status/1647027273457967116,oembed,news srp plus power llc have broken ground on a massive new million megapack storage facility in arizona the states largest ever the facility will store up to mw or mwh enough energy to power avg size homes for hours it goes online in sawyer merritt april,1
1647102453165223936,https://twitter.com/AstanaIntlForum/status/1647102453165223936,oembed,renewable energy carbon markets are critical components in the transition to carbonneutrality learn from energy experts carbon market developers policymakers at the astanainternationalforum to explore the challenges opportunities in achieving it aif astana international forum april,3
1647107303131193345,https://twitter.com/PeerasutT/status/1647107303131193345,oembed,at pm on saturday the isar nuclear plant near munich will begin winding down its power generation in steps of megawatts per minute bangkok post april,7
1646500107171540994,https://twitter.com/175GW_IndiaRenw/status/1646500107171540994,oembed,wind and solar reached a record of global electricity in countries now generate more than of their electricity from wind and solar indian states above the global average india needs to ramp up renewable capacity to meet energy demand manka behl april,1
1647278013187276801,https://twitter.com/SmartAdolphus/status/1647278013187276801,oembed,we would like to invite few climate youth leaders resident in abuja to a high level event on tuesday if you re a climate youth leader quote this tweet briefly tell us why you d love to attend unodc nigeria april,0
1647328637559947264,https://twitter.com/pipsterb/status/1647328637559947264,oembed,highest ever readings of atmospheric carbon dioxide in human history recorded polycrisis ecologicalcrisis climatecrisis demand climateaction sdg john pratt april,0
1647337660032376832,https://twitter.com/TheVeganDrakon/status/1647337660032376832,oembed,sentient beings all about endspeciesism govegan climatechange ecosystem female equity slavery freedom exploitation climateactivists women feminismo metoo animalstoo mentoo feminist feminism females feminicide via thevegandrakon april,0
1643600341429092353,https://twitter.com/billmckibben/status/1643600341429092353,oembed,new york the time to act on climate change is now today we re announcing our step plan to reach net zero emissions from our investment portfolios by nyc s pension systems are leading the country on confronting climate risk to our investments office of new york city comptroller mark levine april,5
1646925510746992640,https://twitter.com/MistSpinner/status/1646925510746992640,oembed,from l a law enforcement helicopters burned more than million gallons of fuel lapd are climate criminals this is a must read by people s city council los angeles april,0
1647167911532830722,https://twitter.com/ImranKhanPTI/status/1647167911532830722,oembed,latest satellite data now testifies the remarkable grey green conversion that has happened under vision of billiontreetsunami like this one in garhichandan kp where hectares of almost barren land is now converted into a sprawling forest malik amin aslam april,3
1647186716531527681,https://twitter.com/endelstamberg/status/1647186716531527681,oembed,climate strike week fridaysforfuture fridaysforfuture fridaysforfutureyokohama climatestrike fridays for future yokohama april,0
1647225460755972097,https://twitter.com/G____322/status/1647225460755972097,oembed,climate hoax truth bombs from randall carlson april,0
1647213717967327233,https://twitter.com/OttavioMCMLXI/status/1647213717967327233,oembed,i was arrested for civil disobedience i turned in jail actor and activist jane fonda sounding the alarm about the need for bold action on the climate crisis there s no time to wait this planet is all we ve got defend it actonclimate climateemergency climate mike hudema april,0
1647147751103164417,https://twitter.com/GreenpeaceUK/status/1647147751103164417,oembed,hypocrisy much tell the government to ban climate wrecking private jets greenpeace uk april,0
1646892958573264897,https://twitter.com/nazli_karakoc/status/1646892958573264897,oembed,biden approves alaska gas exports as critics condemn another carbon bomb guardian environment april,2
1646454020561678344,https://twitter.com/endelstamberg/status/1646454020561678344,oembed,waterloowomenjoinhands with and womenforconservation to demand for urgent actions from world leaders to combatting climatecrisis womenaremorevulnerable actnow tomorrowistoolate fridays for future sierra leone april,0
1647094509732503552,https://twitter.com/endelstamberg/status/1647094509732503552,oembed,weeks for friday for future the parliament buildings in victoria canada friday future climatechange climateaction climatecrisis climatestrike recycling maniac april,0
1647172917988401153,https://twitter.com/ifrahmohamed33/status/1647172917988401153,oembed,q does climate change affect everyone equally nimechanuka nimechanuka april,0
1646841443619598336,https://twitter.com/endelstamberg/status/1646841443619598336,oembed,young activist demonstrating for their future fridaysforfuture climatechange fridaysforfuture gilgit baltistan april,0
1646839383721476096,https://twitter.com/call_me__Santa/status/1646839383721476096,oembed,wake up to the climate crisis protect our planet strike for climate fridaysforfuture climatestrike climateaction climateemergency rise up movement togo april,0
1647169432156884994,https://twitter.com/ermias254/status/1647169432156884994,oembed,q what effects of climate change are we facing as youth in our communities nimechanuka nimechanuka april,0
1647168213049049088,https://twitter.com/C3Group_UK/status/1647168213049049088,oembed,that s a wrap on the easter break c group s been busy making a difference for future generations energyefficiency carbonemissions sustainability easterbreak backtoschool greeneducation climateaction c group april,3
1647149997174013955,https://twitter.com/DominicWanjiru5/status/1647149997174013955,oembed,climate change has been a major disruption in tourism and political instability in most countries in africa which mostly leads to insecurities sttachangemakers winnie mnyika april,0
1646317158522142721,https://twitter.com/fracknotec/status/1646317158522142721,oembed,you aren t on the cutting edge of shit if you were fighting climate change you would banfracking but you won t do that because the oil and gas industry have you and the rest of the co government by the balls john april,2
1646964087887220760,https://twitter.com/POTUS/status/1646964087887220760,oembed,vp kamala harris to visit miami next week to highlight white house s climate agenda miami herald april,0
1645628881007964161,https://twitter.com/emmaels/status/1645628881007964161,oembed,my revealing chat for with the formidable about the danger of aukus the activism of his message for protesters and the treachery of climate minister chris bowen emma elsworthy april,0
1647167407377481729,https://twitter.com/RobPJS/status/1647167407377481729,oembed,germany s final three nuclear power plants close their doors on saturday cnn april,7
1646927552718557184,https://twitter.com/AHMUre/status/1646927552718557184,oembed,a new mindset for business is emerging it s worth around a trillion dollars will drive innovation in tomorrow s companies and reshape every part of our lives want to be a part of it dive into the circular design guide circulardesign climatemonth ideo april,4
1646782844058976257,https://twitter.com/jp_mortensen/status/1646782844058976257,oembed,while we welcome the overall ambition of the to encourage waste prevention and reuse packaging regulation needs to be more ambitious to achieve the eu green deal goals read our recommendations here zero waste europe april,4
1646844200279764993,https://twitter.com/LeoGroupLtd1/status/1646844200279764993,oembed,penrith business leading on circular economy by recovering valuable materials penrithtown april,4
1646654963999821825,https://twitter.com/COIL_CE/status/1646654963999821825,oembed,coil is being social tonight we re going to greendrinksguelph at drinks start at pm if you re game to get out of the house our very own maddiecarter will be sharing her work driving circularity in crd sector gettingoutoftheoffice climatesmart circular opportunity innovation launchpad april,6
1646786842489163776,https://twitter.com/Recycling_Vic/status/1646786842489163776,oembed,vic s container deposit scheme will start nov cds vic will cut litter by up to half turn waste into new bottles have more than collection points across vic the most accessible network in aus return c for every container deposited at a collection point ingrid stitt mp april,4
1646824560170287110,https://twitter.com/MendItAussie/status/1646824560170287110,oembed,news local authority recycles street sweepings into circular concrete blocks aberdeenshire council says it recycles around of its street sweepings and the recovered materials have now been turned into building blocks ciwm april,4
1646812957110566912,https://twitter.com/UL/status/1646812957110566912,oembed,join on monday april th at ul library makerspace for a textile repair workshop register now to secure your spot as tickets are limited this workshop is being delivered through the epa iua campuslivinglabs project ul student sustainability april,4
1646457414533644289,https://twitter.com/synergistEIC/status/1646457414533644289,oembed,our first open call is open for applications are you a start up addressing climatetech cleantech circular economy or agri food challenges find all information on our website opencall greentech synergisteic april,4
1646973417441095682,https://twitter.com/RiceUniversity/status/1646973417441095682,oembed,let there be light uses photocatalyst tech to energize chemical reactions via light hear from ceo trevor best on the chemical pathways they re pursuing including zero emissions hydrogen methanol in the latest podcast w inevitable podcast april,2
1646129402365767682,https://twitter.com/UM_STiCHH/status/1646129402365767682,oembed,join us for a series of conversations with investors from leading climate tech vcs in the world free and open to the public climate tech conversations venture capital tickets tue apr at pm eventbrite matt haggman april,5
1646741708460240896,https://twitter.com/shambanetwork/status/1646741708460240896,oembed,shamba won a prize at protocol labs filecoin green sustainable blockchain hackathon our tool the carbon data visualizer allows the visualization through a web map of carbon mrv data stored on chain at sbs vcm shamba april,3
1646782830884581376,https://twitter.com/FarmersGuide/status/1646782830884581376,oembed,becky wilson from explained how understanding where emissions come from on a farm can support informed decision making on reducing carbon footprint which can lead to increased business resilience and profitability farmers guide april,3
1646905990854627328,https://twitter.com/BaibhavMishra_9/status/1646905990854627328,oembed,an ecofriendly approach for the logistics sector means shoring up sustainability of warehouses and distribution facilities with installing green features such as solar panels and rainwater systems qatar logistics tlme transport logistics m e april,4
1641392709272231938,https://twitter.com/EnergyLiveNews/status/1641392709272231938,oembed,positive news today as we hear about the government s increased focus on energy security and reaching netzero we re already taking steps to help secure our energy future and achieve the uk s net zero targets by read on to find out more edf march,5
1637252049527091202,https://twitter.com/AnonAmosAdmn/status/1637252049527091202,oembed,power plants are highly concentrated in co this is carboncapture and it creates perfect conditions to grow hyper efficient kelp in the north sea kelp can process co from the soil water and air kelpfarmer lwys ccs carbonfootprint climatecrisis ape punks march,3
1646657559128932352,https://twitter.com/ecodiddle/status/1646657559128932352,oembed,mexico city s roadways are going green as highway columns are turned into vertical gardens we have the solutions implement them actonclimate climate renewables tech renewables rewilding greennewdeal biodiversity mike hudema april,3
1646468908008853504,https://twitter.com/DraxGroup/status/1646468908008853504,oembed,bioenergy with carbon capture and storage beccs permanently removes carbon from the atmosphere but how drax april,3
1646245793408651264,https://twitter.com/_David_Ho/status/1646245793408651264,oembed,no the climate fight is lost if we keep burning fossil fuels and releasing billion tonnes of co every year david ho april,2
1643976844604231683,https://twitter.com/PilotSTRATEGY/status/1643976844604231683,oembed,may noon cet save the date for our first webinar in which we will share our findings regarding social acceptance and community engagement in our five european regions ccs ccus energytransition climatescience pilotstrategy april,4
1646442100186021889,https://twitter.com/apapa0001/status/1646442100186021889,oembed,findings from our recent study state that restoring of land areas of joint importance for carbon sequestration and biodiversity by could capture an additional gtco find the full report here generationrestoration unep wcmc april,3
1646967036352888833,https://twitter.com/Fusion_Industry/status/1646967036352888833,oembed,today announced an unanimous vote by commissioners that separates fusion energy regulations from fission a key decision for the us that gives the regulatory certainty needed to accelerate fusion r d while protecting public safety health fusion industry association april,7
1647008929011097600,https://twitter.com/SvenVanZanten01/status/1647008929011097600,oembed,let me tackle the ecological ignorant claiming that forests are renewable in this short thread a forest is not just a collection of trees it is a complex living interconnected and interdependent ecosystem this ecosystem takes s of years to develop stephen barlow april,0
1632607689606938626,https://twitter.com/joefitzgibbon/status/1632607689606938626,oembed,from the wings to meet our climate goals we need to grow clean energy production across washington state rep joe fitzgibbon sponsored hb to streamline facility development and generate jobs while protecting our environment wa house democrats march,2
1647002008287674369,https://twitter.com/SvenVanZanten01/status/1647002008287674369,oembed,north american solar power giant has secured financing commitments of more than million for its residential solar and storage loan program in the us from hasi and from cr dit agricole cib solarenergy saur energy april,1
1646986696699916289,https://twitter.com/SvenVanZanten01/status/1646986696699916289,oembed,wonderful chart also solar cells are becoming more efficient which could even further reduce this surface area in the next years or so and here lithium and sodium could play a key role but li would definitely beat na area wise juan carlos zuleta april,1
1646991809690697729,https://twitter.com/SvenVanZanten01/status/1646991809690697729,oembed,switching to renewable energy isn t just good for the planet it s also good for creating jobs and saving money gogreen renewablesweekend alex trevino araiza april,2
1646978303465512960,https://twitter.com/SvenVanZanten01/status/1646978303465512960,oembed,how are we going to get to renewable energy by learn along with us during the facebook livestream on weds april th am follow along from home actiontogethernj april,6
1646770684415148032,https://twitter.com/awlegge/status/1646770684415148032,oembed,the clean energy economy is emerging much faster than many people think and this needs to be taken carefully into account by governments industry investors my op ed for today s on how solar electric cars heat pumps more are changing the game fatih birol april,6
1646968344799748098,https://twitter.com/SvenVanZanten01/status/1646968344799748098,oembed,of costa rica s power already comes from renewables half of the land is covered by forest they re aiming to transform their entire economy to have a zero carbon footprint it can be done let s get moving actonclimate climateemergency climate energy greennewdeal mike hudema april,2
1646951463321477120,https://twitter.com/SvenVanZanten01/status/1646951463321477120,oembed,an incredible wood alternative made from rice hulls called acre the modern mill s inaugural product offers an alternative to rampant deforestation environment innovations sustainability renewables greenway report april,3
1646568812706398209,https://twitter.com/JackieForrest/status/1646568812706398209,oembed,this week arcenergyideas podcast covers the opec surprise cut and what it means for oilmarkets we also talk about canadabudget and what it means for cleanenergy investing hydrogen ccs electricity wind solar cdnpoli arc energy research institute april,2
1646536170648600576,https://twitter.com/CongressLaura/status/1646536170648600576,oembed,houston activists protested congresswoman lizzie fletcher for her dark money funding her serving the big oil health insurance lobbies instead of answering real questions she doubled down on ignoring her constituents tx medicareforall corruption politics climate extinction rebellion houston april,0
1646721508323254272,https://twitter.com/Feenwald/status/1646721508323254272,oembed,it appears we are unleashing destructive forces in nature with our greenhouse gas emissions these are climatic feedback loops see our report here dr william j ripple april,0
1646981716454653954,https://twitter.com/GradedSpa/status/1646981716454653954,oembed,energie rinnovabili l intesa europea favorir la transizione in italia energy energytransition renewableenergy green sustainability energyindependence europe russia ukrainerussiawar graded april,1
1646848023916314624,https://twitter.com/PatrikMuncaster/status/1646848023916314624,oembed,the biden administration approved a mile transmission line project that will connect energy from the country s largest onshore wind farm in wyoming to california it will add mw of transmission capacity and connect regions across states u s department of energy april,1
1645764164374126593,https://twitter.com/OfficialMubs/status/1645764164374126593,oembed,join us next week on tuesday april at hrs eat for a webinar to discuss africa s e mobility agenda in the context of the global energy transition register here paul nduhuura phd april,6
1646941634645356544,https://twitter.com/UNEP_NYO/status/1646941634645356544,oembed,what are critical minerals what is their role in the potential of the global south to achieve climate resilience drive just energytransition for all register now to find out more note email meeting will be sent before the event unctad ocean economy april,3
1628880619928256513,https://twitter.com/BillNye/status/1628880619928256513,oembed,the single fastest most cost effective way to slow the rate of climate change reducing methane pollution greenlatinos february,2
1646876225774800898,https://twitter.com/Boutonski/status/1646876225774800898,oembed,is nuclear power the key to a sustainable future join the conversation with nuclearnowfilm nuclear now april,7
1646905122461474818,https://twitter.com/m53trees/status/1646905122461474818,oembed,this project could result in over million metric tons of carbon emissions annually it would threaten communities and endanger delicate ecosystems impacting endangered species like polar bears cook inlet beluga whales and north pacific right whales earthjustice april,3
1641750181845561346,https://twitter.com/LawsonSteele3/status/1641750181845561346,oembed,join us for a webinar april on the future of eu carbon allowances with expert kakubi co founder and carbon strategist don t miss out on this opportunity to gain insights and register now carbontrading blockchain coherra march,5
1646545057049182208,https://twitter.com/DrVignolaChem/status/1646545057049182208,oembed,high density bope bope hd films can replace bopet making it an essential building block for recyclable packaging we ve collaborated with polo films to bring bope hd to market as an innovative circular solution for flexible packaging customers nova chemicals april,4
1646479037026516992,https://twitter.com/CircularOnline/status/1646479037026516992,oembed,the circulareconomy provides an opportunity for all companies to develop new business expand into new markets and create sustainable growth but how to do it in practice check out the new playbook unlock your circular economy opportunities wcef april,4
1646448203611422720,https://twitter.com/PeterSinger/status/1646448203611422720,oembed,in when ken caldeira and david keith published the need for climate engineering research proposals to combat climate change by intervening in planetary systems had virtually no support that is no longer the case ken caldeira april,0
1646440593151647747,https://twitter.com/BDC_Capital/status/1646440593151647747,oembed,we can t contain our excitement we ve hit a major milestone in the company s trajectory upward thank you to and the global syndicate of climate ocean and maritime investors for believing in us zeronetemissions decarbonization git coatings april,5
1646392667960639488,https://twitter.com/ImpactBoomOrg/status/1646392667960639488,oembed,on episode of founder of the sustainability collective ecosystem director of discusses the defining features of climatechange focused technology how these initiatives can effectively foster widespread socialchange socentau impact boom april,0
1646622521171619840,https://twitter.com/GradedSpa/status/1646622521171619840,oembed,l inizio della fine dell era fossile nel mondo si produce sempre pi energia pulita ma l italia arranca energy energyefficiency carbonneutral renewable cleanenergy energyindependence russia ukrainerussiawar graded april,1
1646556736226983961,https://twitter.com/TechCenterVA/status/1646556736226983961,oembed,the future of sustainable fuels is coming and the virginia tech foundation and are helping to make it happen at in newport news diane deffenbaugh april,5
1646505369995464707,https://twitter.com/MercianLabels/status/1646505369995464707,oembed,a self adhesive label producer has invested into measures to cut energy costs and reduce its carbon footprint had over solar panels installed on the roof of its factory in plant lane in burntwood last week continue reading staffordshire chambers of commerce april,1
1645713617277407234,https://twitter.com/trimfoldltd/status/1645713617277407234,oembed,did you know that european companies will now have to include details of their sustainability work in their annual reports click here to read more two sides april,4
1635925048556163077,https://twitter.com/Bovidiva/status/1635925048556163077,oembed,how can improvements to breeding feeding and health management reduce your farm s carbon footprint the decarbonising livestock production technical session will delve into the options available to livestock farmers farmofthefuture netzero innovation for agriculture march,3
1646133606224482304,https://twitter.com/minota8r/status/1646133606224482304,oembed,news devvstream awarded green cross international endorsement for its earth day decarbonization program learn more here desg esg carboncredits carbonfootprint sustainability carbonmarket climatechange climategoals devvstream inc april,0
1646199943999242253,https://twitter.com/Advocates4Earth/status/1646199943999242253,oembed,i don t believe in climate change zimbabwean diplomat uebert angel was a delegate to the un climate change conference cop on the fringes he met with the i unit undercover reporters to discuss a billion dollar backdoor deal goldmafia al jazeera investigations april,0
1646456901708775425,https://twitter.com/martutis6/status/1646456901708775425,oembed,for the epah lunch talk and ranas organisation will share their work on the empowerment of vulnerable consumers and systemic behaviour change as key components for tackling energypoverty register to participate eu energy poverty advisory hub april,6
1646178404302028801,https://twitter.com/cityoflondon/status/1646178404302028801,oembed,for our latest theglobalcityuk case study we spoke to sustainability consultancy on how they help farmers and food multinationals adopt new farming techniques to improve efficiency and combat climate change read the full interview at city of london april,3
1645941126380281856,https://twitter.com/icarusrtinc/status/1645941126380281856,oembed,for thus far icarus has commercial project booked for and many others being negotiated we are so excited for the expansion of solar storage technology stay tuned for more exciting news and progress updates solar renewableenergy solarenergy icarus rt inc april,1
1646100153537798149,https://twitter.com/hometree_uk/status/1646100153537798149,oembed,we re on a mission to help millions of people decarbonise their homes are delighted to announce our m series b raise led by and we re also set to welcome to the group marking a key step in the transition to net zero homes hometree april,5
1646168107038257153,https://twitter.com/MulalleyandCo/status/1646168107038257153,oembed,we have purchased our first eco smart site cabin the innovative cabin has solar panels on the roof backed up with a battery bank harvesting storing power this reduces burning fossil fuels for power generation cuts costs on energy expenditure it also harvests rainwater mulalley april,1
1645896492849217538,https://twitter.com/fradarl29/status/1645896492849217538,oembed,get ready to hear a lot about climate change fighting carbon capture as business and nonprofits race to qualify for billions in new funding the technology offers the possibility of rolling back carbon emissions by vacuuming co out of the air yahoo news april,5
1645857835530727426,https://twitter.com/runardas/status/1645857835530727426,oembed,i m looking forward to attending the home energy justice forum tomorrow here in vancouver w and a great roster of speakers and practitioners i ll be learning and thinking about next steps for energypoverty energyaffordability and energyjustice in cdnpoli stephen thomas april,6
1644773440555982851,https://twitter.com/INL/status/1644773440555982851,oembed,get up to speed on the nation s largest source of clean power nuclear energy office of nuclear energy us department of energy april,7
1641738729558614019,https://twitter.com/TheAMRC/status/1641738729558614019,oembed,the university of sheffield has been chosen to deliver the uk s first sustainable aviation fuel clearing house this is a central hub to coordinate the testing and certification of new sustainable aviation fuels saf the university of sheffield march,5
1645839152217493504,https://twitter.com/Sbootcamp/status/1645839152217493504,oembed,to all climate tech founders looking for support in their fundraising journey our friends have launched a series of online events on getting vc ready where you can meet and learn from vcs founders in the climate tech space details climate collective april,5
1645531258548785155,https://twitter.com/REMADEInstitute/status/1645531258548785155,oembed,industry innovators academic researchers experts attended last month s circulareconomy tech summit and our founder and ceo spoke about how vision based ai is revolutionizing sorting separation in recycling amp april,4
1645372320666775552,https://twitter.com/nakulzaveri/status/1645372320666775552,oembed,inretrospect climatetech there exists substantial opportunity to mitigate these negative climate effects alongside a dual goal to provide sustainable development opportunities for india s consumer class download the report here impact investors council april,3
1644103728042229761,https://twitter.com/progressiveplan/status/1644103728042229761,oembed,webinar w coo ian grant thu apr pm et am pt plan merges cleantech with ancient volcanic ash minerals to create planetfriendly products that fight climatechange and protect our planet s health register here martin gagel april,3
1645510598283649037,https://twitter.com/BillGates/status/1645510598283649037,oembed,fun fact in a single flight bill gates private jet emits more carbon than your car during your entire lifetime dr eli david april,0
1645811445328691200,https://twitter.com/roddyclarke91/status/1645811445328691200,oembed,london design fair is set to bring a new level of sustainable design to the creative heart of shoreditch with its new homes with a heart showcase in collaboration with and roddy clarke find out more london design fair april,4
1632410691385655298,https://twitter.com/Tulane/status/1632410691385655298,oembed,popular diets as selected by adults in the united states show wide variation in carbon footprints and diet quality dr david l katz march,3
1643893327417290752,https://twitter.com/shaastramag/status/1643893327417290752,oembed,do you know ammonia that we industrially produce for fertilising soil and many other apps is a chemical with highest emissions my story on some earnest efforts to rid ammonia of co appears in latest issue t v jayan april,3
1645876970230775808,https://twitter.com/RachelRoseB/status/1645876970230775808,oembed,here s the latest greatest from new product carbonmark a user friendly way to access digital carbon carbon dashboard focued on transparency academic literature on digital carbon rachel btc vegas april,3
1645807430746660873,https://twitter.com/ecodiddle/status/1645807430746660873,oembed,does climate breakdown mean we re doomed no if we re brave big change can happen fast climate mum april,0
1645169723603124224,https://twitter.com/MinOfPower/status/1645169723603124224,oembed,power industry mobility buildings agriculture forestry waste all of these economic areas will be affected in the transition to netzero learn more about what to expect netzerotransition mckinsey company april,5
1645616556058050562,https://twitter.com/FAOAngola/status/1645616556058050562,oembed,positive meeting with on bluecarbon monitoringreportingandverification joint project implementation sustainablefisheries and climatefinance great potential for partnership for sustainable growth in angola gggi africa april,3
1645762744623288320,https://twitter.com/dexma/status/1645762744623288320,oembed,britain s electricity was the greenest it has ever been at pm yesterday as carbon emissions dropped to g kwh this beats the g kwh set on may electric insights april,2
1645396216056823809,https://twitter.com/KamalaHarris/status/1645396216056823809,oembed,we are making the largest investment in history to tackle the climate crisis and when we invest in climate we invest in cleaner healthier and more prosperous communities vice president kamala harris archived april,2
1645504194407792657,https://twitter.com/ch3ryl/status/1645504194407792657,oembed,join our ceo for the launch of silicon valley will join and steve siger on a panel discussing the future of climate tech the event takes place on thursday april th at pm pt pm et get tix the impact seat foundation april,5
1645049592952639489,https://twitter.com/ycbeau/status/1645049592952639489,oembed,only a few companies currently have biodiversity credits for sale but many more are working to develop them already major players in the carbon credit industry are getting involved yale environment april,3
1645535012169609216,https://twitter.com/DexmatInc/status/1645535012169609216,oembed,the future is now carbon captured from industrial processes into clothes is partnering with to make it a reality this is only a womenswear drop but i ll patiently await some menswear jack andreasen cavanaugh april,5
1645154618920370176,https://twitter.com/MikaAinasoja/status/1645154618920370176,oembed,panama s mangrove forests feed and shelter migrating birds and surrounding communities and help fight climate change dive into the managed multi year project to tally the plentiful carbon they store via un biodiversity april,3
1643520128011599874,https://twitter.com/ConvergenceCESL/status/1643520128011599874,oembed,india s power generation grew at the fastest pace in over three decades in the just ended fiscal year a reuters analysis of government data showed fuelling a sharp surge in emissions as output from both coal fired and renewable plants hit records reuters science news april,1
1645413413873491968,https://twitter.com/jmhill926/status/1645413413873491968,oembed,new poll what do michiganders want from their leaders a transition to a clean energy grid aggressive action to make energy affordable ability to finally hold utility companies accountable to make energy cheaper more reliable and cleaner evergreen action april,2
1645224569073188864,https://twitter.com/nftcar_io/status/1645224569073188864,oembed,tell me this or cybertruck with zero emission ken synopsis april,5
1644813619287212040,https://twitter.com/Boutonski/status/1644813619287212040,oembed,admiral john richardson writes nuclear energy has done more to mitigate the existential threat of climate change and keep energy costs stable than any other form of energy today nuclear energy institute april,7
1645413467103395848,https://twitter.com/quakes99/status/1645413467103395848,oembed,the released a fact sheet on clean energy projects to support communities it acknowledges current activities including the public private partnership between doe terrapower on the natrium project read the fact sheet terrapower april,2
1619676858861383685,https://twitter.com/IrishSchSusty/status/1619676858861383685,oembed,what if we could see and climb emissions would it change what we eat beans vs tofu vs beef data and source in feed below plantbased vegan veganuary govegan sustainability climateaction dr chris macdonald january,3
1638680548527988736,https://twitter.com/apapa0001/status/1638680548527988736,oembed,through the efforts of a multi university research team a hybrid sorbent has been developed for dac technology with three times the efficiency of the current sorbents making carbon capture more effective in combating the impacts of climate change singularity hub march,3
1645075348072144898,https://twitter.com/alisdaniela/status/1645075348072144898,oembed,close to million people worldwide lack access to electricity but efforts to ensure energy for all hinge on the ability to track progress through reliable data our guidebook shows how governments can collect this data in a more in depth timely way international energy agency april,1
1644346891843301376,https://twitter.com/sunrisestake/status/1644346891843301376,oembed,the climate award goes to a regenerative finance staking protocol solana april,1
1643654617027444737,https://twitter.com/photontrace/status/1643654617027444737,oembed,wish this piece were shared widely it describes the technical engineering aspects of carbon capture not only not current technology but also extremely hazardous liz schiller defundthepolice april,3
1636325120187744257,https://twitter.com/H_Gibbs_Bauer/status/1636325120187744257,oembed,hopefully by now it is clear that operationmerlingua is designed to increase global energy production increase global energy supplies and thereby significantly lower global energy prices for the benefit of all nations and all people everywhere operation merlingua march,2
1644007451618865153,https://twitter.com/SenWhitehouse/status/1644007451618865153,oembed,in the face of clear evidence that fossil fuels fundamentals are strong and that anti fossil fuel policies have caused a crisis the anti fossil fuel establishment is playing a denial game this may and should further discredit it alex epstein april,2
1644373721526698003,https://twitter.com/Boutonski/status/1644373721526698003,oembed,nuclear reactors are known for their ability to provide constant power but their output can also be modified to meet certain grid demands office of nuclear energy us department of energy april,7
1644282549256986627,https://twitter.com/adam_tooze/status/1644282549256986627,oembed,eu green policy must bring the population with it financial times april,5
1643965560995053570,https://twitter.com/JamesFBoyle/status/1643965560995053570,oembed,today s global energy system requires over billion tonnes of mass based resources a year to operate the majority of them fossil fuels in our netzero pathway the energy system in uses only half as much resources far less fossil fuels international energy agency april,2
1628098892142084099,https://twitter.com/GroupGinger/status/1628098892142084099,oembed,join for this fringe event on radical ideas to tackle the climatecrisis with a themed exhibition pub style quiz big name speaker it will be a night to remember ukreiif netzero hello collective com max farrell february,0
1644242109229039618,https://twitter.com/CarbonBrief/status/1644242109229039618,oembed,ccc here s how the uk can get reliable zero carbon electricity by read here carbon brief april,3
1643906122179395586,https://twitter.com/SolarHeatPedro/status/1643906122179395586,oembed,solar thermal technologies are used mainly to produce domestic hot water in residential buildings industry through heat collectors it s a cheap predictable source of energy that does not rely on any fuel heatright read more here clean heat europe april,6
1638836765577605120,https://twitter.com/ErwinFeldhaus/status/1638836765577605120,oembed,energy majors fall short on renewables investment revealing data and story by fdi oil renewables fdi intelligence march,2
1637927813884829699,https://twitter.com/REMADEInstitute/status/1637927813884829699,oembed,this afternoon tom graedel yale professor emeritus who helped found the field of industrial ecology outlined new ways to measure material flows to find opportunities for circularity remade circulareconomy tech summit conference mfg technology climatetech remanufacturing remadeinstitute march,4
1644068050323361812,https://twitter.com/magentaceiba/status/1644068050323361812,oembed,gave a talk at today for s applied circular economics class on daos and refi the class asked amazing questions a joy to share my experience spoke as well inspired to write a couple follow up blog posts magenta april,4
1644232282079895553,https://twitter.com/ForbesIndia/status/1644232282079895553,oembed,fila of the million tonnes of waste that the country generates only is recycled the rest finds its way to landfills s hdpe plastic conversion process is bridging the gap in the recycling ecosystem of india by forbes india april,4
1644022165858033674,https://twitter.com/ChangeNOW_world/status/1644022165858033674,oembed,don t delay get your application in today apply for the extremetechchallenge sustainability startupchallenge at circulareconomy urbandevelopment for details visit extremetechchallenge april,4
1644261111913492483,https://twitter.com/LauraPh222/status/1644261111913492483,oembed,this weeks big greenmoneyshow comes from lots of you asking about meds and health so we speak to and a professor surgeon who teaches sustainability in health it s a good bit of weekend listening deborah meaden april,4
1643663550626267144,https://twitter.com/jeanneyacoubou/status/1643663550626267144,oembed,rebuilding our economy after inheriting trump s recession democrats delivered more than million jobs and historic climate investments that will add millions more good paying clean energy jobs for america s workers as we save our planet np nancy pelosi april,2
1644335466924343297,https://twitter.com/EarthKikashi/status/1644335466924343297,oembed,humans are environmental creatures and humans are creatures that are excellent at observation memory and thinking but people were deprived of the natural world what that means is that getting it wrong can create a vicious circle one earth minoru t april,0
1644321514366353408,https://twitter.com/Andy_Scollick/status/1644321514366353408,oembed,cop president sultan al jaber says world must tackle climate crisis in more business like way with kpis clearer objectives more pragmatism as st cp with ceo background argues he can lead negotiations to concrete results exclusive interview by me fiona harvey april,0
1644238141342007297,https://twitter.com/Volunteersfora3/status/1644238141342007297,oembed,sahel is one of the most vulnerable to the effect of climate change due to its biophysical characteristics but also due to environmental degradation poverty food insecurity rapid population growth gender inequality political instability and conflict climateaction action niger april,0
1643296369933709312,https://twitter.com/EarthKikashi/status/1643296369933709312,oembed,the ipcc made it clear that there is a rapidly closing window of opportunity to secure a livable and sustainable future for all if we want to make it through that window we can t allow new fossil fuel development we need to phase out what s already under production fossil fuel treaty initiative april,2
1525206558665220097,https://twitter.com/GeraldKutney/status/1525206558665220097,oembed,the crackpot society a front for climate denialism creativesocietyexposed climatebrawl climatecrisis climateemergency dr gerald kutney climate politics may,0
1644304018829725696,https://twitter.com/PlasticWasteBot/status/1644304018829725696,oembed,as we celebrate worldhealthday we reflect on the commitment our employees have made to health safety and environment aim to achieve zero injuries and incidents provide a safe environment communicate with stakeholders on hse issues learn more lyondellbasell april,6
1644316741806481408,https://twitter.com/EarthKikashi/status/1644316741806481408,oembed,we humans are one of the organisms in the natural carbon cycle of the earth if you create a world of only humans and have a single value money people will try to convert everything into money destroying nature unnecessarily and overexploiting unnecessarily one earth minoru t april,0
1644297950569324544,https://twitter.com/Srk1951mn/status/1644297950569324544,oembed,science states that climate change is a threat now and will be worse in the future climate deniers disagree which group will you place the future of your family in climatebrawl climatecrisis climateemergency dr gerald kutney climate politics april,0
1644252403187826688,https://twitter.com/SazEHyde/status/1644252403187826688,oembed,we ve started to exceed dire c of global warming as emissions rise to extreme record levels trillions of dollars are being invested in fossil fuels even though production should have begun plummeting years ago to avoid the most catastrophic effects of abrupt climate change ben see april,2
1643599379754893312,https://twitter.com/PMOIndia/status/1643599379754893312,oembed,healthy soil is a real powerhouse habitat for soil biodiversity carbon store and climate regulator water tank and purifier food producer keeper of heritage protecting soilhealth ensures its many functions that enable life on earth via un biodiversity april,3
1644285890183991298,https://twitter.com/selle3677/status/1644285890183991298,oembed,climatedaily knowledge itself is power climate deniers you have no power climatebrawl climatecrisis climateemergency dr gerald kutney climate politics april,0
1644290433642627073,https://twitter.com/selle3677/status/1644290433642627073,oembed,thailand urges leaders of myanmar and laos to take urgent steps to tackle hotspots that s worsened air pollution in some of the southeast asian nation s popular tourist destinations bloomberg april,0
1644230282516606976,https://twitter.com/jeanneyacoubou/status/1644230282516606976,oembed,by man made stuff will have three times the mass of all life on earth our infantile civilisation needlessly insatiably consuming our planet s delicate complex ecosystems will not make it to adulthood climate dad april,0
1563112576569217024,https://twitter.com/WelshGovernment/status/1563112576569217024,oembed,an issue when comparing the average carbon footprint of food is that it hides the variation within a given food but the key message doesn t change the best lowest impact meats still tend to emit more than the worst plant based foods hannah ritchie august,3
1644134089832660992,https://twitter.com/jeanneyacoubou/status/1644134089832660992,oembed,this is the story of three trees at the center of our climate crisis that provide big benefits to you me the world meet the trees get to know their superpowers learn how scientists are trying to protect them wtpblue wtpearth demvoice dcminx april,0
1644183743035482112,https://twitter.com/jeanneyacoubou/status/1644183743035482112,oembed,climate negotiations by those in power dr william j ripple april,0
1644240017718489089,https://twitter.com/USA2_0/status/1644240017718489089,oembed,our politicians corrupt incompetent our climate fucked our environment critically endangered we can do better than this unite for nature unitetosurvive april extinction rebellion uk april,0
1643909058389213185,https://twitter.com/jeanneyacoubou/status/1643909058389213185,oembed,to achieve net zero aviation emissions you need a substantial period of no aviation at all there are currently no meaningful negative emissions tech it requires more energy to recapture co from the atmosphere than was generated when released peter dynes april,5
1644013349745639424,https://twitter.com/jeanneyacoubou/status/1644013349745639424,oembed,millions of cars millions of tonnes of emissions the current system just doesn t account for the externalities and environmental costs peter dynes april,2
1643950342466412544,https://twitter.com/jeanneyacoubou/status/1643950342466412544,oembed,they never tell you that the entire grid infrastructure needs to be upgraded to electrify the of liquid energy usage considering it takes a copper cable as thick as your arm from every wind turbine it ain t happening less consumption less energy peter dynes april,1
1643966709399793664,https://twitter.com/khulick/status/1643966709399793664,oembed,can we build up clean energy without badly harming biodiversity i share creative ideas to protect eels eagles whales tortoises and more in thanks kathryn hulick april,3
1644330174165446658,https://twitter.com/SvenVanZanten01/status/1644330174165446658,oembed,energy revolution tesla master plan part and hungry robots will there be enough lithium for all trrxf tnrgold tnr v royalties marianalithium ganfeng lithium renewables evs electriccars energystorage batteries solar wind drones kirill klip gold revolution april,1
1644320550917898246,https://twitter.com/SvenVanZanten01/status/1644320550917898246,oembed,it s gratifying to see a mayor company publishing a plan to power the world using renewable energy and to do so in a way that chimes with recent academic research in terms of cost land use and material use i think this is a very good plan by aukehoekstra april,1
1644116000680431616,https://twitter.com/Tesla/status/1644116000680431616,oembed,tesla opts for windwatersolar to repower the world for all purposes no new nuclear or new biomass no ccs u or blue hydrogen master plan doing the right thing will cost less than business as usual approach mark z jacobson april,1
1644237922743320583,https://twitter.com/bf_nagy/status/1644237922743320583,oembed,cape town considers permanent desalination to deal with water concerns el ni o the hot and dry weather system that led to day zero is coming later this year cape town needs to get cracking on projects like these it s vulnerable to climate change nick hedley april,0
1644294586544852994,https://twitter.com/SvenVanZanten01/status/1644294586544852994,oembed,taiwanese scientists develop high concentration pv system taiwanese researchers have developed a system featuring a fresnel lens array and a solar panel made of iii v materials and polycrystalline renewableenergy solarenergy sustainability pv magazine april,1
1644290606393602048,https://twitter.com/SvenVanZanten01/status/1644290606393602048,oembed,battery solar residential email export com website meritsun lithium battery april,1
1644265075392548866,https://twitter.com/SvenVanZanten01/status/1644265075392548866,oembed,triple junction perovskite solar cell hits efficiency an international research group created a triple junction perovskite solar cell with an efficiency of and a quasi steady state efficiency of renewableenergy solarenergy sustainability pv magazine april,1
1644264009565196289,https://twitter.com/SvenVanZanten01/status/1644264009565196289,oembed,mdpienergies highlycitedpaper supporting decarbonization strategies of local energy systems by de risking investments in renewables a case study on pantelleria island energyplanning optimization energies mdpi april,1
1644258756828573696,https://twitter.com/SvenVanZanten01/status/1644258756828573696,oembed,are you working on health risks from climatechange climate resilient agri forestry protecting critical infrastructure from climate change using nbs then we might have funding for your missionclimateadaptation project apply here mariya gabriel april,0
1644253080190328837,https://twitter.com/SvenVanZanten01/status/1644253080190328837,oembed,tnr gold nsr royalty update mcewen mining s los azules copper gold silver project close of ars billion investment by stellantis trrxf tnrgold tnr v royalties copper gold silver mcewen riotinto stellantis evs revolution renewables kirill klip gold revolution april,1
1644239698200518657,https://twitter.com/SvenVanZanten01/status/1644239698200518657,oembed,ganfeng s plan to power all operations at marianalithium project with renewable energy is taking shape redimin reports about the latest developments ganfeng plan for a mw solar park at the salar de llullaillaco trrxf tnrgold tnr v royalty kirill klip gold revolution april,1
1644224650421968896,https://twitter.com/SvenVanZanten01/status/1644224650421968896,oembed,paving the way for climate resilient infrastructure aiming to deploy green tech in the aegean sea archipelago we are building a solar plus storage project on the greek island of astypalaia ppc renewables ppcr ppc renewables april,1
1644213271103418369,https://twitter.com/SvenVanZanten01/status/1644213271103418369,oembed,we want change we demand change and we are the change climatechange climatecrisis climatestrike climatejustice climateaction actnow climate striker april,0
1644180965374435329,https://twitter.com/DrSRaghavachari/status/1644180965374435329,oembed,govt of india approves installation of nuclear reactors in five states organiser weekly april,7
1644112755874512896,https://twitter.com/POTUS/status/1644112755874512896,oembed,when we invest in clean energy we invest in america since taking office and i have created more than million good paying jobs and american manufacturing is growing faster than it has in decades vice president kamala harris archived april,2
1642935922869125134,https://twitter.com/gradstudent_ipe/status/1642935922869125134,oembed,call for papers and are accepting submissions for the wif academic research conference on investment in sustainable development submit your paper by april on join us in abu dhabi in october unctadinvestment april,4
1643605792178724865,https://twitter.com/AttyforEarth/status/1643605792178724865,oembed,if the world s climate is to be stabilised a new way of thinking is required the economist april,0
1644305772707209216,https://twitter.com/EU_Commission/status/1644305772707209216,oembed,last month the tabled two critical pieces of legislation for its greendeal industrial plan the critical raw materials act and the net zero industry act read about them and their complementary nature in this week s fridayfeature eurelectric april,4
1643742816428851200,https://twitter.com/DarrylKWillis/status/1643742816428851200,oembed,find out how we can get closer to a net zero economy by using digital twins to optimize production processes improve energy savings and more microsoft azure april,5
1643960754201145344,https://twitter.com/m_hassheider/status/1643960754201145344,oembed,do you want to join us as project manager industrial transformation southeastasia f m d with a focus on the steel sector support the energy and industry transformation in thailand vietnam indonesia and the philippines apply here by april agora energiewende april,6
1644217460764340224,https://twitter.com/175GW_IndiaRenw/status/1644217460764340224,oembed,live launch of energy for health a program to sustainably power public health facilities in india pm today in new delhi join us live selco foundation april,6
1644223650655096832,https://twitter.com/GradedSpa/status/1644223650655096832,oembed,l importanza delle biomasse agricole per produrre energie rinnovabili biogass biometano energy energytransition agriculture greenenergy energyindependence russia ukrainerussiawar graded april,1
1644146498941206529,https://twitter.com/GreenPartyAB/status/1644146498941206529,oembed,new infographics presenting roadmaps for countries u s states d c international cities and world regions to achieve wind water and solar energy are now available on the stanford solutions project website anna katharina von krauland phd april,1
1641780054458859523,https://twitter.com/CoinDesk/status/1641780054458859523,oembed,join us at consensus by to learn how energy web is leveraging web tech to unlock real economic value for enterprise more information here energy web march,6
1644250154650996738,https://twitter.com/IPCC_CH/status/1644250154650996738,oembed,ipcc s synthesis report is out now this synthesis report underscores the urgency of taking more ambitious action shows that if we act now we can still secure a liveable sustainable future for all ipcc chair hoesung lee read the report ipcc april,2
1643993032151429125,https://twitter.com/Kampala4Climate/status/1643993032151429125,oembed,public notice nema informs all operators of fuel stations and the general public that all fuel stations are required to have at least three well labeled litter bins for biodegradable non biodegradable and toxic waste accessible to all travelers and motorists littefreeug national environment management authority nema april,4
1644110445740195840,https://twitter.com/marnshibski/status/1644110445740195840,oembed,santos want taxpayers to pay to bury their emissions ironic given most years they don t pay tax themselves auspol mark ogge april,2
1643876848403611649,https://twitter.com/call_me__Santa/status/1643876848403611649,oembed,climate change has become a major factor in the rapid warming of heat and land and the immense loss of biodiversity on the planet kpcg pacja climateaction climatecrisis climatejustice kenya platform for climate governance april,0
1644059903139663872,https://twitter.com/Paolo22901759/status/1644059903139663872,oembed,virtually every child on the planet is already affected by the climate crisis climateaction efforts must include young people s needs ideas for solutions inaction is not an option we must go further and faster ant nio guterres april,0
1642756755997458433,https://twitter.com/MEnvSust/status/1642756755997458433,oembed,coal exports are forecast to rise from levels we need to phase out coal but there is no sign that our govt is preparing for a future without fossil fuels read more australia institute april,2
1644093719233335297,https://twitter.com/Bowenchris/status/1644093719233335297,oembed,scientist bill hare this is a really weird thing and i guess they could only get away with it because they re allowed to in australia on glencore s coal to dirty hydrogen ccs auspol michael west april,2
1643757298144378880,https://twitter.com/Wendyfly1earth/status/1643757298144378880,oembed,people power prevailed over the attack on our climate law for now special thanks to savetheclcpa raya salter esq climate auntie april,0
1638526089248079874,https://twitter.com/BASFCorporation/status/1638526089248079874,oembed,at basf we create chemistry for a sustainable future basf will host a series of climate protection themed webinars focused on sustainability trends challenges and defining long term solutions with industry stakeholders learn more and register basf north america march,3
1644261808079863808,https://twitter.com/bgaulke/status/1644261808079863808,oembed,ipcc solar and wind by far the best option cutting a staggering bn tonnes from annual co emissions by nuclear and ccs each have just of the potential of wind and solar and at far higher cost renewables climate nuclear dr paul dorfman april,2
1644039057498861568,https://twitter.com/RepHoulahan/status/1644039057498861568,oembed,s limerick generating station helps power our community thanks to the ira they ve hired hundreds of new workers and are investing million in clean hydrogen production it was great to see the facility and results of congress work over the past year chrissy houlahan april,2
1644137686528040961,https://twitter.com/Boutonski/status/1644137686528040961,oembed,news invests in future nuclear scientists and engineers by awarding more than million in scholarships and fellowships across the country learn more office of nuclear energy us department of energy april,7
1644091863274606592,https://twitter.com/Boutonski/status/1644091863274606592,oembed,just how clean and sustainable is nuclear let us count the ways office of nuclear energy us department of energy april,7
1643249740040003584,https://twitter.com/TNS_Canada/status/1643249740040003584,oembed,we re thrilled to announce that cher mereweather has joined the cpp team with her expertise in the circular economy multi stakeholder collaboration we re delighted to have her onboard to help us achieve our targets learn more about cher canada plastics pact april,5
1643960987421163520,https://twitter.com/MaryPavan/status/1643960987421163520,oembed,h m move is on a mission to democratise movewear and get the whole world and everybody moving now in partnership with lanzatech hmmove is taking a step on its innovation journey creating athluxury garments from captured emissions lanzatech global april,4
1643640589060128768,https://twitter.com/mconnormurphy/status/1643640589060128768,oembed,most people aren t familiar with the circular economy according to new data as brands work to build circularity into their business models marketers can support that work through education and redesign experts explained kathryn lundstrom april,4
1643972144186142721,https://twitter.com/MheithealRothar/status/1643972144186142721,oembed,progress being made this will look like a bike shop very soon we promise huge thanks to whose circular economy grant is allowing us to build our new shop by reusing materials an mheitheal rothar april,4
1643663473669177354,https://twitter.com/_laurentklein/status/1643663473669177354,oembed,completing eutaxonomy is essential for enhancing its usability is consulting on criteria for circular economy prevention of pollution water and biodiversity including new activities for climate objectives submit feedback by eu finance april,4
1643647825928937472,https://twitter.com/hellomerch/status/1643647825928937472,oembed,tell me about this packaging material biodegradable that s great but it feels just like plastic what is it safe to mulch in my veggie garden timothy j scarlett april,4
1643617184743030785,https://twitter.com/ArthurtenWolde/status/1643617184743030785,oembed,right to repair wrong to replace join us at this eucirculartalks event to discuss eu s latest laws to promote repair of products and how to ensure repair is accessible and affordable for all consumers register now to join european environmental bureau april,4
1640724866096590848,https://twitter.com/BanzaiEdinburgh/status/1640724866096590848,oembed,join at the to see how you can be involved in building the new economy creating a new community led waste management system for edinburgh it s open to all local edinburgh based community voluntary orgs social enterprises and entrepreneurs evoc march,4
1643581226815565826,https://twitter.com/SOLARLIFE/status/1643581226815565826,oembed,green economy circulareconomy assets managed by public equity funds to reach billion solar life april,1
1643199481888882689,https://twitter.com/PepsiCoEU/status/1643199481888882689,oembed,action on sustainable production consumption is at the heart of progress towards the globalgoals from work to beatplasticpollution to pushing for a circular economy see how you can get involved actnow zerowaste united nations geneva april,4
1643844878974218241,https://twitter.com/mlkhattar/status/1643844878974218241,oembed,haryana waste mountain casts shadow on pali they say won t let more site come up in aravalis via vishakha chaman kaul april,1
1618066413486497792,https://twitter.com/d_gershenson/status/1618066413486497792,oembed,the climate tech investing pullback is nothing compared to the drop in the regular vc market global venture funding dropped from a bigger drop than the financial crisis does this mean startups are doomed not so fast justin bean january,5
1643952618480214018,https://twitter.com/Third_Deriv/status/1643952618480214018,oembed,today is our birthday here s why our readers find our work so electrifying and how you can help us charge up for another year of ambitious independent clean energy reporting canary media april,6
1643847971321044993,https://twitter.com/regenagvocate/status/1643847971321044993,oembed,indigenous societies in the south or north don t know about carbon credits what they know is oneness with nature can we really put a value on nature or it should be more about finding the interconnectedness between the different forms of capital rather than monetizing them cmbugua april,3
1643890245467873280,https://twitter.com/Truth2020Seeker/status/1643890245467873280,oembed,must watch contrary to propaganda spouted by climate alarmists rising temperatures are the cause of increased atmospheric co not the other way round and the temperature of the earth is regulated by the sun the climate has always changed long before humans got here and it wide awake media april,0
1644096144501538816,https://twitter.com/SvenVanZanten01/status/1644096144501538816,oembed,i am a huge fan of greenhouses they save of the freshwater compared to field growing of crops as a green vegan i m also a huge fan of renewables this article combines both in a prototype what could be better solar sustainability daryl elliott fbr april,3
1644094136679530498,https://twitter.com/VP/status/1644094136679530498,oembed,under our administration america is producing more solar energy than ever before that means cleaner air lower utility bills and good paying clean energy jobs vice president kamala harris archived april,2
1644045423278166017,https://twitter.com/RepRaulGrijalva/status/1644045423278166017,oembed,it s impossible to meet our emissions reduction goals without building a lot more electric transmission and i are working on legislation to solve this problem and deliver cleaner cheaper energy to americans rep sean casten april,2
1644024459873886213,https://twitter.com/VP/status/1644024459873886213,oembed,right now is at qcells manufacturing facility in dalton ga where she will announce the company s commitment to manufacture the largest community solar order in u s history an incredible investment made possible by the inflation reduction act kirsten allen archived april,1
1644085406349119491,https://twitter.com/SvenVanZanten01/status/1644085406349119491,oembed,renewables now carry more investment than oil gas better than green rhetoric this trend represents a market based shift of underlying economic values sustainable green heatwave konstantin klip july,2
1644083845505990656,https://twitter.com/SvenVanZanten01/status/1644083845505990656,oembed,qcells will make m solar panels to fill largest us community solar order ever engin dikmen april,1
1644073742320934914,https://twitter.com/SvenVanZanten01/status/1644073742320934914,oembed,join our tweetstorm and tell your local california city officials to streamline the rooftop solar permitting system and get for your city casolarapp vote solar april,1
1644041148728750082,https://twitter.com/Backstorymom1/status/1644041148728750082,oembed,when we invest in climate when we invest in clean energy when we invest in us based manufacturing we invest in america and her people with the truth about what investing in america really means climate power april,2
1644011889393819649,https://twitter.com/ACE_newyork/status/1644011889393819649,oembed,webinar exploring building electrification in the ny climate scoping plan is underway buildings are the main source of greenhouse gas emissions in the state thanks to panelists from and ace ny april,2
1644067454522478596,https://twitter.com/gvthillo/status/1644067454522478596,oembed,under president biden s investing in america agenda this administration is investing over million in clean american made zero emission buses moving our clean energy future forward the white house archived april,2
1644067702615707648,https://twitter.com/SvenVanZanten01/status/1644067702615707648,oembed,it s happening the solarapp q a live and tweetstorm just started head over to to join casolarapp vote solar april,1
1644065075953639424,https://twitter.com/SvenVanZanten01/status/1644065075953639424,oembed,via norwich solar to install kw community solar project in newbury vermont tor valenza april,1
1644057919493754907,https://twitter.com/SvenVanZanten01/status/1644057919493754907,oembed,this high school in walnut california just gave its parking lot a solar upgrade shading vehicles and helping to power the school shouldn t every parking lot get a solarpower upgrade like this one actonclimate climateaction climate greennewdeal renewables mike hudema april,1
1644052768804724736,https://twitter.com/SvenVanZanten01/status/1644052768804724736,oembed,via toyota partnering with huntsville utilities on mw solar project tor valenza april,1
1644049841251659776,https://twitter.com/SvenVanZanten01/status/1644049841251659776,oembed,case study solar microgrid keeps flights on time at pittsburgh international airport solar power world april,1
1643914555335032832,https://twitter.com/RepCiscomani/status/1643914555335032832,oembed,phaseout of coal power far too slow to avoid climate chaos report finds world needs to stop building new plants and close existing ones at almost five times the current rate to meet paris agreement goals svein tveitdal april,2
1644041973219868674,https://twitter.com/SvenVanZanten01/status/1644041973219868674,oembed,factsheet on the california solar access act vote solar april,1
1643992808624386051,https://twitter.com/CatClifford/status/1643992808624386051,oembed,i dove into the nitty gritty of the application process power generators go through to connect to the grid the old well intentioned process is holding back the energy transition reveals yet again the elephant in the room lack of enough transmission catherine clifford april,1
1644053209101619210,https://twitter.com/GradedSpa/status/1644053209101619210,oembed,un mondo di rinnovabili l della nuova energia arriva da acqua sole e vento energy energytransition renewables solarenergy sustainability europe russia ukrainewar climateaction graded april,1
1644012118612533248,https://twitter.com/GradedSpa/status/1644012118612533248,oembed,idrogeno verde nelle aree industriali dismesse dall ue via libera ai fondi italiani nel pnrr energy energytransition hydrogen renewables greenhydrogen sustainability europe recovery graded april,1
1643741027478700033,https://twitter.com/BloombergNEF/status/1643741027478700033,oembed,albert cheung deputy ceo of joined us as a guest this week we discussed hot areas for investment clean energy deployments and global electric vehicle sales check it out energytransition investing netzero arc energy research institute april,6
1644003781015633921,https://twitter.com/radiostieren/status/1644003781015633921,oembed,this plan is one that would make aoc blush alaskas green new deal way to go governor your d badge is on full display manipulating the english language to try and fool everyone arcticaoc recalldunleavy resistthereset alaska freedom alliance action april,2
1644004985586307073,https://twitter.com/Lando_j/status/1644004985586307073,oembed,the ceo of jp morgan chase has suggested eminent domain the right of the state to seize private property for public use might be necessary in the face of the climate crisis windpower monthly april,1
1643961757197582340,https://twitter.com/LukeAOliver/status/1643961757197582340,oembed,california aims to achieve carbon neutrality by creating an opportunity for carbon allowances investors can access the ca cap and trade market via kcca and krbn potentially benefiting from recent policy shifts and supply tightening read kraneshares april,3
1643942936743116800,https://twitter.com/Radio702/status/1643942936743116800,oembed,spain has pledged r billion to help fund renewable energy battery storage transmission green hydrogen and electric vehicles in south africa as well as water and sanitation projects news april,1
1643892548325310465,https://twitter.com/BelgianOffshore/status/1643892548325310465,oembed,i m happy to invite mette frederiksen olaf scholz and mark rutte to join me on april in ostend for the northseasummit let s unlock our offshore energy ambitions as we transform the north sea into europe s largest green power plant alexander de croo april,6
1643674091264548866,https://twitter.com/RegAssistProj/status/1643674091264548866,oembed,new resource are you a busy policymaker thinking big about an affordable clean energy future for your state s buildings you ll need all the tools in the toolbox we ve put them in handy location our new building modernization legislative toolkit camille kadoch april,2
1643785699689111552,https://twitter.com/adam_tooze/status/1643785699689111552,oembed,the united states self appointed realists are fond of accusing europe s energy policy makers of making strategic choices whilst blinded by green ideology but who is wearing the ideological glasses david wallace wells april,2
1643855191224066048,https://twitter.com/DocumentNo/status/1643855191224066048,oembed,germans overwhelmingly fed up with move to green energies as massive costs loom climate realists april,7
1643875585653891072,https://twitter.com/gerardreid14/status/1643875585653891072,oembed,ep zero carbon europe blue pill or red pill applepodcast spotify with my friend we discuss with doug houseman if net zero is achievable or a pipe dream we thank our partner laurent segalen april,5
1643919529813196800,https://twitter.com/GradedSpa/status/1643919529813196800,oembed,energia pulita l europa alza i target sulle rinnovabili energy energytransition agenda renewable sustainability europe russia ukrainerussianwar graded april,1
1643905131233284096,https://twitter.com/ETC_energy/status/1643905131233284096,oembed,the etc sees the cost split between new generating capacity for clean energy and necessary distribution transmission storage systems as with the coming to trn yr great to see our financethetransition report featured in cover article this week energy transitions commission april,6
1643884464265740289,https://twitter.com/anunezjimenez/status/1643884464265740289,oembed,europe s energy crisis that isn t american critics chastise europeans rejection of fossil fuels but europe is winning the bet food for thought from my guess is that domestic availability of fossil resources is also a key input here diego diaz pilas april,2
1643890020246323201,https://twitter.com/ClimatePartner/status/1643890020246323201,oembed,global insurance firm withdraws from netzero insurance alliance saying wants focus on support customers w transition following which left citing regulatory concerns clean energy wire april,5
1641019293692313601,https://twitter.com/NLR_NL/status/1641019293692313601,oembed,on corrosion awareness day april prof arjan mol dr francesco maresca will speak about corrosion the materials challenges related to the energytransition particularly with respect to hydrogen registration via tuhightechmaterials march,2
1643675174149996545,https://twitter.com/daniel_huppmann/status/1643675174149996545,oembed,been a lot of chatter since last year about europe s return to coal falling back in love with fossil fuels this commentary claims to speak for realism against green ideology and yet it is itself at odds with the facts new piece for adam tooze april,2
1643799528167071745,https://twitter.com/FrancisWedin/status/1643799528167071745,oembed,full speed ahead for s asx vul carbon zero lithium plan ceo of vulcan francis wedin joins sonia madigan to discuss watch the full video interview here the market online au april,5
1643549568334741504,https://twitter.com/ABaerbock/status/1643549568334741504,oembed,the indopacific is a matter close to our heart our strong partnership with asean is needed more than ever emphasized during a lively discussion with asean ambassadors covering topics of climate energy the russian war against ukraine regional security trade frank hartmann april,0
1643538164449959937,https://twitter.com/ieefa_institute/status/1643538164449959937,oembed,bangladesh s power system suffers from high subsidies and overdependence on fossilfuel imports renewables is the most favourable option it needs up to us billion annually till for a renewable energy capacity read the report ieefa south asia april,1
1643216941002244097,https://twitter.com/MichealMartinTD/status/1643216941002244097,oembed,a pleasure to be in dundalk yesterday great to see how energycloud s innovative use of surplus renewable energy is helping heat cl id housing homes for free enjoyed my visit to to meet students staff and president dr diarmuid o callaghan miche l martin april,6
1643900953303699456,https://twitter.com/Theresa4Talent/status/1643900953303699456,oembed,i don t think i ve ever seen so many of my hospitality friends handing back the keys as i have this last few weeks these businesses should and would be viable were it not for the ridiculous costs of greedy energy companies more to follow i m afraid thatpubchick april,6
1643907259561377793,https://twitter.com/wellbasedEU/status/1643907259561377793,oembed,one example of assistance you can get through the epahcall among the awardees of the first call is getting support to diagnose energypoverty and set up a one stop shop apply for the nd epahcall until tomorrow eu energy poverty advisory hub april,6
1643939394733363201,https://twitter.com/repmorgan/status/1643939394733363201,oembed,you look at germany and it s just a total failure because they still need reliable electricity and they shut down nuclear and they re reverting to coal to keep their lights on and they re still having skyrocketing prices with alex epstein april,7
1643589482120192001,https://twitter.com/solarthermal/status/1643589482120192001,oembed,have you checked the new module of our online course discover how to concretely identify the main causes and consequences of energypoverty in your territory with the new lessons available eu energy poverty advisory hub april,6
1643893203320418304,https://twitter.com/ClimatespaceAf1/status/1643893203320418304,oembed,thousands of people will gather outside parliament later this month to demand climate action will be running a people s picket outside grant shapps office on friday april join us platform april,0
1643973215469948928,https://twitter.com/LeonieGreene/status/1643973215469948928,oembed,just in levels of carbon dioxide methane nitrous oxide the greenhousegases emitted by human activity that are the most significant contributors to climatechange continued their historical growth in the atmosphere during more info noaa research april,0
1643945646003752963,https://twitter.com/dfomangrovefdwl/status/1643945646003752963,oembed,while mangroves cover only of earth s land surface they are one of our most powerful tools in the fight against climatechange we must work together to protect existing mangroves and restore what we have already destroyed conservation mangrovesrestoration paradip biswajeet samal april,3
1641365173179932672,https://twitter.com/ic_vcm/status/1641365173179932672,oembed,our core carbon principles ccps are now live the ccps establish a global benchmark for the voluntary carbon market making it easy for buyers to identify high integrity credits and trust that they are funding impactful projects find out more icvcm inactive march,3
1644030462938206209,https://twitter.com/EPA/status/1644030462938206209,oembed,we re ready for more zero emission trucks in washington they will reduce unhealthy diesel air pollution and help fight climate change learn about our clean trucks program here electricvehicles climateactionnow wa department of ecology april,2
1643965563327205378,https://twitter.com/fiercewildroar/status/1643965563327205378,oembed,the biden administration approved an billion oil drilling project in the national petroleum reserve in alaska a vast expanse of pristine wilderness scientists say such projects must stop to avoid climate disaster but an oil giant is racing ahead the new york times april,2
1643940106628214785,https://twitter.com/LeandaMorrison/status/1643940106628214785,oembed,the world does not need more successful business people developers billionaires trashing earth what we need are people who walk gentle on earth with respect protecting and saving nature if we protect nature nature will protect us if we destroy nature nature will destroy us go green april,0
1643896835575099393,https://twitter.com/UnegvUgidali/status/1643896835575099393,oembed,americans rank first in plastic waste contribution back in annual plastic use in the u s was around pounds per person by this figure had risen to pounds projections also show the problem will only get worse beatplasticpollution sumu elahi april,4
1643935829260136449,https://twitter.com/unaltuser/status/1643935829260136449,oembed,bankwatch romania joined and historical climate lawsuit against the romanian government over its inaction on reducing emissions and achieving climate neutrality read more cee bankwatch network april,5
1643938773862891522,https://twitter.com/MontaukBuzz/status/1643938773862891522,oembed,vice president harris is set to announce an order for millions of georgia built solar panels during a visit to a growing dalton clean energy complex today gapol greg bluestein april,1
1643551258366599170,https://twitter.com/Kenz300zx/status/1643551258366599170,oembed,can only hope that this will be rishi s houses other tory related climatecrisis denying unsustainable growth numpties not ordinary people paul no l citizen of the pale blue dot our home april,0
1643744822187159553,https://twitter.com/Kenz300zx/status/1643744822187159553,oembed,canada s conservative party members have voted down a proposal to recognize the climatecrisis as real the rejected motion included a willingness to act against climaterisks and to make highly polluting businesses take more responsibility canpoli april,0
1643693730333851649,https://twitter.com/robynwoolston/status/1643693730333851649,oembed,n every single sample we took in antarctica as part of our microplastic research contained plastic microfibres i found plastic from tourists in the penguin colonies we even found a big piece of plastic on the seabed emily g cunningham mbe april,4
1643551749800697857,https://twitter.com/AIMS_Rwanda/status/1643551749800697857,oembed,dyk has over the past years granted research chair postdoc phd positions in climate change sci this was revealed by the centre president at the opening of this year s climate science training sch read more climate aims rwanda april,0
1643512235816304641,https://twitter.com/rakeshkumarcsir/status/1643512235816304641,oembed,in the negotiations on climate finance developed nations say all finance flows to be aligned to low carbon pathways donor base shd be expanded never mind the inability to deliver the previous agreed goal no country is sitting to send money to others yet this won t fly either aarti khosla april,5
1643852518059917314,https://twitter.com/JLetangule/status/1643852518059917314,oembed,in compliance with govt policy my colleagues other stakeholders i planted trees in masalani ijara sub county this will help mitigate the adverse effects of climate change is in line with kenya s global commitment of carbon emission reduction by climateactionnow ubuntu april,0
1643187225788555265,https://twitter.com/mewes_sarah/status/1643187225788555265,oembed,does the current regulatory framework support the climate objectives mobility shifts kicks off the first panel of our electromobility workshop with alex keynes benjamin krieger thomas neumann cristina tilling fabio domanico etui european trade union institute april,2
1641859351878176769,https://twitter.com/_noelamac_/status/1641859351878176769,oembed,aramco chairman h e yasir al rumayyan emphasizes the importance of continued investment in oil and gas as part of the global energy transition at the fiipriority summit in miami aramco march,2
1643819886974767104,https://twitter.com/MalurusSally/status/1643819886974767104,oembed,in caretaker mode former gov approved santos kahlua pilot gas wells on liverpool plains t of co e will be flared for no reason santos narrabri gas project is a complete dud we re in a climate crisis santos is running amok the new gov needs to reign it in nswpol sue higginson greens mp april,2
1643052261965434882,https://twitter.com/jeanneyacoubou/status/1643052261965434882,oembed,why scientists are using the word scary over the climate crisis yes we scientists are very scared and now many are telling policy makers and the public this fact dr william j ripple april,0
1643422450619920385,https://twitter.com/Jeeva04/status/1643422450619920385,oembed,to meet global food demand in agricultural production will have to increase by sustainable soil management can help make this a reality soils nutrition food and agriculture organization april,3
1643602024846483457,https://twitter.com/iowasboy/status/1643602024846483457,oembed,iowa is one of four states that missed a deadline last week to participate in the climate pollution reduction grants cprg program gov reynolds just gave up tens of millions that will go to other states for clean energy and natural resources rob hogg april,2
1643963781251317761,https://twitter.com/InfoMgmtExec/status/1643963781251317761,oembed,today in tallaght we are seeing the energy future at the launch of an innovative low carbon heating initiative which uses excess heat from data centre to heat public buildings universities homes ensuring no energy is wasted eamon ryan april,6
1643586891785043968,https://twitter.com/nickhuzar/status/1643586891785043968,oembed,good morning with good news australia will be coal free in less than years australia s main grid is now renewable with rooftop solar on about of homes and going to rooftop solar could be a third of installed generation via john raymond hanger april,1
1642965334268190740,https://twitter.com/CanadaPact/status/1642965334268190740,oembed,newreport the in collaboration with has released a study on the reuse and refill of plasticpackaging in canada learn more canada plastics pact april,4
1643572268952436738,https://twitter.com/ESAI_Environ/status/1643572268952436738,oembed,grace o sullivan extols the virtues of duckweed as a high protein feed and method of cleaning up wastewater colloquium duckfeedproject circulareconomy bioeconomy paul bolger april,3
1643585242752602112,https://twitter.com/AHMUre/status/1643585242752602112,oembed,not long left to register for cohort of the circular economy masterclass this fantastic programme is designed to equip you with the skills and knowledge to implement circulareconomy principles in your business registrations close on april exeter centre for circular economy april,4
1643662328569937925,https://twitter.com/ColeRosengren/status/1643662328569937925,oembed,today is the last day to register for the connecticutrecyclingconference taking place on topics the future of trash in ct foodwaste extendedproducerresponsibility epr for packaging and much more all with lunch at the lyceum ct recyclers april,4
1642965510894813184,https://twitter.com/speediecelt/status/1642965510894813184,oembed,speakout mini here s an interesting snippet from our gort speakouts where tells us that sustainable futures are well within our grasp urbanlab galway april,4
1643548365483909120,https://twitter.com/GreenBiz/status/1643548365483909120,oembed,fashion can be beautiful and sustainable at dunia bora we re nopal cactus to create eco friendly ethically sourced and high quality leather alternatives join us in our mission to create a better future for our planet biglittletalks circularity greenbiz vinnie muhoro april,4
1643397122220343298,https://twitter.com/GreenBiz/status/1643397122220343298,oembed,what if grocers could shake waste challenges divert from the landfill and give back to the ecosystem quest president ceo ray hatch teases our transformative organic waste program quest proganics in our video submission for s biglittletalks circularity quest resource management group april,4
1640515295411417095,https://twitter.com/esigurdson/status/1640515295411417095,oembed,electric vehicles have a major emissions challenge as lithium ion batteries account for up to of total ev production emissions learn more in today s chartoftheday mckinsey company march,1
1643558347361091584,https://twitter.com/REMADEInstitute/status/1643558347361091584,oembed,watch s keynote arguing that shifting to nearly clean energy could save the economy at least trillion by circulareconomy tech summit conference mfg technology climatetech remanufacturing climateaction inet complexity april,2
1642860143204245504,https://twitter.com/AHMUre/status/1642860143204245504,oembed,six rubbish trucks of edible food are lost or wasted every second globally all whilst of the planet s population goes hungry by comprehensively applying circular design principles we can redesign our linear food system learn how here ellen macarthur foundation april,4
1642927696022761473,https://twitter.com/ICLEI/status/1642927696022761473,oembed,join our urban development and circulareconomy session on april at the cities summit of the americas through case stories from the americas we ll show what circular transformations can look like when local economies can reorient around entry points iclei april,4
1637840147566698497,https://twitter.com/DubCityCouncil/status/1637840147566698497,oembed,the socircular brochure is here it features social circular enterprises their products services that you your org business gov dept could buy from support each is working to address climatechange social economic issues economic development office march,4
1643188448868831233,https://twitter.com/circularcomscot/status/1643188448868831233,oembed,we re so excited to share our share and repair network member s new spotlight video watch to learn about this incredible glasgow based musical instrument library which makes learning a new instrument accessible and good for the planet circular communities scotland april,4
1643476416879624195,https://twitter.com/ProfAngePala/status/1643476416879624195,oembed,a volunteer led group in melbourne s inner north is making a difference to those experiencing food insecurity by harvesting excess fruit from backyards thanks to a grant under our circular economy communities fund read about the darebin fruit squad sustainability victoria april,4
1643433391461740544,https://twitter.com/ProfAngePala/status/1643433391461740544,oembed,reminder applications for victoria s circular economy innovation fund close on april businesses research institutions charities social enterprises and not for profits working to design out waste are encouraged to apply find out more sustainability victoria april,4
1643496431725035521,https://twitter.com/WallzU1/status/1643496431725035521,oembed,i love the smell of jobless anti nukes in the morning it smells like climate victory rauli partanen april,0
1643471094001664002,https://twitter.com/Lepariyo/status/1643471094001664002,oembed,transparent and trusted carbonmarkets are key for achieving climate goals learn how the is connecting and harmonizing carbon credit data around the world world bank group climate and environment april,3
1640990318655856640,https://twitter.com/KKT22345/status/1640990318655856640,oembed,please help bees butterflies and birds by reducing the mowing this year by leaving a patch of grass in your garden to flower you ll be helping wildlife while reducing effort cost and carbon emissions cartoon courtesy nature climateaction biodiversity little green space march,0
1643146529803317248,https://twitter.com/Fash_Rev/status/1643146529803317248,oembed,a new report from the un looks at how companies are meeting their climate commitments based on three years of reporting underscoring the urgency of action needed to tackle the industry s massive carbon footprint read the report fashion revolution april,5
1641749847580499969,https://twitter.com/Zalaris/status/1641749847580499969,oembed,reaction to new uk government net zero strategy read more sustainable technology carbonemission greenhydrogen renewableenergy netzero netzeroprofessional march,5
1643645149120176129,https://twitter.com/CCLSVN/status/1643645149120176129,oembed,north america s largest carbon capture machine was unveiled in colorado via sammy roth april,3
1643598636096319489,https://twitter.com/EPernot/status/1643598636096319489,oembed,the north sea has long been crucial to european development fishing shipping routes and generous oil and gas reserves now it may also become a major hub for storing co more on how europe wants to capture business by storing carbon under the sea anca gurzu april,3
1643677842226692096,https://twitter.com/Rivian/status/1643677842226692096,oembed,we re investing in renewable energy projects across the country to help decarbonize the grid work toward powering every ev with clean energy learn how collaborations like the paris solar farm in tn can help achieve paris agreement climate goals rivian april,1
1643665078774800384,https://twitter.com/HSAnhalt/status/1643665078774800384,oembed,agripvplus is a triple use approach that aims to increase the synergies of agripv systems by linking measures to promote biodiversity to promote this triple use approach we are building an agripvplus demonstrator at our campusbernburg agripvplus april,3
1643671875975880726,https://twitter.com/SolarNinjaTroy/status/1643671875975880726,oembed,join us for earthgrid s live q a webinar on april at am pst discover the market opportunity in the sustainable energy sector and understand the investment potential of earthgrid link below earthgrid pbc april,6
1643599939853770752,https://twitter.com/HFHMacedonia/status/1643599939853770752,oembed,the interest of students gives us faith that the future will be energy efficient speaking about the energyefficiency with the construction high school students zdravko cvetkovski about greenmunicipality concept and informing about e knowledge platform of habitat macedonia april,1
1643465735824343040,https://twitter.com/letsreplanet/status/1643465735824343040,oembed,if existing inventories of used nuclear fuel were recycled and repurposed as fuel for advanced fast reactors it could generate zero carbon electricity for europe for up to years according to international environmental campaign group world nuclear news april,7
1643603095392505857,https://twitter.com/quakes99/status/1643603095392505857,oembed,yee haw india approves installation of new nuclear reactors in five states two reactors will each be installed in kaiga chutka and gorakhpur nuclear power plants while mahi banswara nuclear plant will get four reactors uranium john quakes april,7
1643277063229435905,https://twitter.com/AHSNNetwork/status/1643277063229435905,oembed,join us to explore how to effectively quantify carbon emissions deploy projects and measure impact at next nhsnetzero webinar on april speakers include and more register pete waddingham april,3
1642139892187807744,https://twitter.com/SPG_In/status/1642139892187807744,oembed,the fellows imagined building a sustainable city for a livable future spgnetzero spgnetzero climateaction fellowship publicpolicy politicalleadership climatechange the school of policy and governance april,0
1643199400578088960,https://twitter.com/Sacha_Lord/status/1643199400578088960,oembed,ministers were warned net zero schemes won t work together april,5
1643197298820759552,https://twitter.com/tessakhan/status/1643197298820759552,oembed,following our analysis of the impact of the rosebank oil field on the uk s carbon budgets one of the industry regulators the north sea transition authority has unsurprisingly taken issue with our conclusions let s take a closer look shall we tessa khan april,3
1643188980882579457,https://twitter.com/UxbEconomist07/status/1643188980882579457,oembed,a change in methodology will see esg ratings of tens of thousands of funds lowered highlighting once again the problems with such scores esg is a giant green con costofnetzero net zero watch april,5
1643180441975791617,https://twitter.com/UxbEconomist07/status/1643180441975791617,oembed,leaked documents show ministers were told before last week s green day announcements that key climate schemes trumpeted as part of the government s net zero strategy are likely to fail time to scrap net zero policies for good costofnetzero net zero watch april,5
1642821751716343808,https://twitter.com/adurandworthing/status/1642821751716343808,oembed,book your free net zero workshop today the uk s first full service netzero business package get a solid grounding in net zero business togetherbusinessisstronger betrained beinformed bedeveloped netzero workshops worthing adur chamber of commerce april,5
1641343308768202752,https://twitter.com/p13tobler/status/1641343308768202752,oembed,notonetzero households face net zero penalty for sticking with gas levies will be applied to bills as part of incentive to go green dame andrea jenkyns dbe march,5
1643144737069883392,https://twitter.com/MadeleineMHKing/status/1643144737069883392,oembed,was thrilled today to sign a sign an agreement with strengthening cooperation between the uk and australia on critical minerals a significant step on the road to net zero madeleine king mp april,5
1636699299172974593,https://twitter.com/EngageStrath/status/1636699299172974593,oembed,join us for our event on greenjobs with laurence turner from and enrique cornejo from find out more and register now centre for energy policy march,6
1642880882146168832,https://twitter.com/fwn_science/status/1642880882146168832,oembed,the latest ipcc climatereport is a reminder that every action taken to limit emissions warming brings us closer to a safer future waiting is not an option rapid emissions cuts are needed across all sectors now learn more future world news april,2
1643177780685815808,https://twitter.com/sarahottaway/status/1643177780685815808,oembed,today we launch the third guide in our series of reuse guides where we explore the potential for implementing re use on a larger scale and the benefits of making this activity mainstream find out more here suez uk april,4
1640736758970167297,https://twitter.com/CIRCLE25232564/status/1640736758970167297,oembed,why do we need sustainable concrete why does the cement industry need to tackle it s carbonfootprint in the race to netzero watch video below circle project interreg fce march,3
1548600590753734658,https://twitter.com/GiffordChrisJo1/status/1548600590753734658,wayback,conversation gifford chris jones america needs build progressive smartcitiesofhope for the future powered by hemp cannabis bamboo and crypto taxrevenue bracbasedevelopment lnkd in dgugapqv buildbackbetterbolder socialenterprise affordablehousing am jul twitter for iphone quote tweet gifford chris jones h replying to america must build the society of equals and equity by literally building it brickbybrick smarthempcities is how we harness and build the dreamlife of tomorrow cooperativecapitalism sharing of america s resources empowergoodfaith comfortanddramafree cannabis gifford chris jones h replying to we must build a newworld of freedom and fairness newopportunities gifford chris jones h replying to great american market economy organized nationally gameon democraticideology newdirection nationalmovement cannabis smarthempcities taxes technology socialjustice socialequity equalityandequity gifford chris jones h replying to digitalmoney quantumvalue digitalcurrency blockchain metaverse web circulareconomy gifford chris jones h replying to smarthempcities federaldistricts technologytitans lasvegas dc cannabis hemp circulareconomy blockchain tokenization empowergoodfaith views,2
1616390520007188480,https://twitter.com/FPE_FlexPack/status/1616390520007188480,oembed,a deep dive into the ppwr what about waste prevention the packaging packaging waste regulation proposal aims at reducing the use of packaging to the minimum necessary through the introduction of packaging waste prevention targets listen for more europen january,4
1641546140834209795,https://twitter.com/MarkPlackett1/status/1641546140834209795,oembed,even after lithium batteries no longer work well in devices they hold energy by adjusting the ph of the solution containing waste batteries researchers were able to use the residual energy to recover copper ions from the solution in pnas pnasnews march,1
1643122889590296576,https://twitter.com/evelinelemke/status/1643122889590296576,oembed,wet wipes ban planned in england to tackle water pollution bbc news uk april,0
1642970775089999875,https://twitter.com/mmeioambiente/status/1642970775089999875,oembed,these countries absorb more carbon than they emit we have the solutions implement them actonclimate itcanbedone climatecrisis climate energy renewables rewilding nature mike hudema april,3
1643201752278216704,https://twitter.com/CarbonBrief/status/1643201752278216704,oembed,analysis fuel duty freezes have increased uk co emissions by up to read carbon brief april,3
1641351935658786816,https://twitter.com/TheTamarDick/status/1641351935658786816,oembed,carbon capture and storage is bewilderware its true purpose is to distract and confuse us creating the impression that fossil fuel extraction can continue because one day the emissions will be buried it will never happen at scale no wonder the government supports it george monbiot march,3
1641982388157685761,https://twitter.com/SaveStAlbansftf/status/1641982388157685761,oembed,in today s climate constrained world ploughing ahead with a development for which there is no need without taking into account its climatechange impacts is nonsensical why is not reading our kc s report why is not following their own kc s advice in savestalbansftf april,0
1641428289406238723,https://twitter.com/EarthKikashi/status/1641428289406238723,oembed,just imagine if you keepitintheground then you won t have to spend a fortune on putting it back at vast unproven cost insulatebritain come on this isn t difficult there is even a masterplan cop climate action plan march,0
1643204118071193601,https://twitter.com/jeanneyacoubou/status/1643204118071193601,oembed,do we want to fight oil wars forever be slaves to high gass prices a carbon tax used to give grants for citizens to convert there homes and cars to solar powered electric will buy us freedom carbon tax stops when fossil fuel use ends green is a cleaner more profitable power green gordon antifa warrior brother nature april,2
1643087856590528513,https://twitter.com/UN/status/1643087856590528513,oembed,un high commissioner for human rights volker t rk welcomes the historic decision by the unga to seek an advisory opinion from the icj on climate change obligations read his response pacific islands students fighting climate change april,0
1643194448963158019,https://twitter.com/SilkSand/status/1643194448963158019,oembed,revealed uae plans huge oil and gas expansion as it hosts un climate summit guardian australia april,2
1641366164776398848,https://twitter.com/AUSLaborRBLX/status/1641366164776398848,oembed,today the government launch their new powering up britain strategy they have chosen destruction over moral action it relies on blind faith in carbon capture and storage ccs to buy time for fossil fuel companies to continue to make vast profits platform march,3
1643178789311074307,https://twitter.com/SuffolkJason/status/1643178789311074307,oembed,a leaked document from reveals officials told ministers they were not confident key policies announced last week including tree planting peat restoration and recycling targets were realistic great scoop by shaun lintern april,5
1641599380171145216,https://twitter.com/EarthKikashi/status/1641599380171145216,oembed,thankfully we can live happy healthy lives with less energy this study shows that decent standards of living could be provided to a growing global population for less than per cent of the energy used around the world today erin remblance march,6
1643158948999057414,https://twitter.com/jeanneyacoubou/status/1643158948999057414,oembed,this worries me that local central govt don t take climatecrisis seriously enough this means plans usually don t include the big what ifs to give enough future resilience eg building on old flood planes lake reappears after years causes havoc dr jill belch april,0
1643160474291433472,https://twitter.com/Andy_Scollick/status/1643160474291433472,oembed,in a world beyond c the effects of climate change can quickly cascade from an environmental risk to an economic threat such as if prolonged drought leads to a failed harvest reducing availability across supply chains and increasing prices chatham house environment and society april,0
1643124492569395200,https://twitter.com/EarthlySteward/status/1643124492569395200,oembed,many beaches with blue flag status an international mark of recognition that a beach is deemed safe and has good water quality were found to have been covered in waste over the last months svein tveitdal april,3
1642207023088521216,https://twitter.com/jeanneyacoubou/status/1642207023088521216,oembed,go see one of shell s dirtypearls its documentary film time for energy disclosed on as part of my study dirty pearls exposing shell s hidden legacy of climate change accountability dirtypearls vatan h zeir april,0
1643002589712113665,https://twitter.com/NeutralMoney/status/1643002589712113665,oembed,taylor swift is concerned about climate change fun fact her private jet emits more carbon in a single trip than your car in your entire lifetime that private jet has flown over times in the past year dr eli david april,0
1642829646801797121,https://twitter.com/jeanneyacoubou/status/1642829646801797121,oembed,we have a great machine for sucking excess carbon out of the air it costs very little and builds more of itself it s called a tree and it also helps hold the soil together globalwarming climateemergency fam john moffitt april,3
1642917851035058182,https://twitter.com/ForCfe/status/1642917851035058182,oembed,ceci est un message de l association climate change task force climate change task force cameroon april,0
1643030971376357383,https://twitter.com/jeanneyacoubou/status/1643030971376357383,oembed,for the last few years i ve posted this tweet every monday friday same data info same graph this is the st time it has been ratioed like i ve said something has changed on here recently for climate tweets sure i ignore move on but s it discouraging time consuming zack labe april,0
1643132500099620866,https://twitter.com/benking01/status/1643132500099620866,oembed,climate change catalonia in grip of worst drought in decades mr butcher geography april,0
1643119456191754241,https://twitter.com/rossmiau/status/1643119456191754241,oembed,the effect of climatechange is now an inevitable fact that it affects millions of people across the globe we must actnow whathaschanged climateemergency climatecrisis climateaction climatejustice climatestrike climate striker april,0
1642917179430694976,https://twitter.com/Vanguard_Group/status/1642917179430694976,oembed,when you save with you re an owner of a catastrophic climate future bad for the environment is bad for retirement vanguardinsights vanguardsos asset manager wake up call april,0
1641425096181968896,https://twitter.com/RCPhysicians/status/1641425096181968896,oembed,climate change is the biggest long term risk to human health so today at rcpmed we re launching a new campaign sustainablehealth royal college of physicians march,0
1643091558802116609,https://twitter.com/Karen21263603/status/1643091558802116609,oembed,thailand is close to completing one of the world s biggest floating solar farms how big roughly the size of football fields we have the solutions implement them actonclimate climate energy renewables greennewdeal mike hudema april,1
1642747920519933954,https://twitter.com/LosAlamosNatLab/status/1642747920519933954,oembed,new mexico is one of six states working to become more eco friendly by reducing carbon emissions kob april,2
1642915870308458497,https://twitter.com/delfinazul119/status/1642915870308458497,oembed,western africa is still one of the hottest places on the planet right now the heatwave there persists with night temperatures staying above c in some places we re in a climateemergency there is no time to wait actonclimate climate energy renewables lookup mike hudema april,0
1642288301888471041,https://twitter.com/PepesFanGirl/status/1642288301888471041,oembed,climatechange is the greatest fraud that s been perpetrated on mankind this century in just seconds this guy proves it it s brutal listen sound globalwarming climatescam april,0
1643051730777825281,https://twitter.com/TheVeganDrakon/status/1643051730777825281,oembed,climateaction climatecrisis georgemonbiot women feminismo metoo animalstoo mentoo feminist feminism allfemales victimsofreligion female equity slavery freedom feminicide endspeciesism peterkalmus georgemonbiot janefonda animalstoo thevegandrakon april,0
1642950090871525382,https://twitter.com/PlasticWasteBot/status/1642950090871525382,oembed,did you know that chevron employs doctors or that we ll be using solar to power some production learn more here chevron april,2
1642912431583232000,https://twitter.com/PlasticWasteBot/status/1642912431583232000,oembed,tomorrow we re updating investors on our low carbon solutions business and how we can help accelerate the world s path to net zero emissions join the webcast at a m ct here xom exxonmobil april,5
1643214082500096001,https://twitter.com/SvenVanZanten01/status/1643214082500096001,oembed,uk evaluating a km submarine cable to connect a gw wind solar in morocco wales and england dr paul dorfman april,1
1643203314534809600,https://twitter.com/SvenVanZanten01/status/1643203314534809600,oembed,australia s has signed a conditional renewable power purchase agreement with norway s for its planned mw holmaneset greenhydrogen and ammonia plant hydrogen hydrogen economist april,1
1643195768868868096,https://twitter.com/SvenVanZanten01/status/1643195768868868096,oembed,via as millions of solar panels age out recyclers hope to cash in tor valenza april,1
1643191428468834304,https://twitter.com/SvenVanZanten01/status/1643191428468834304,oembed,does the uk s energy security plan go far enough energysecurity ukenergysecurity ukenergy renewableenergy paul winter consulting ltd april,5
1643134985203793920,https://twitter.com/letsreplanet/status/1643134985203793920,oembed,translating nuclear waste into clean energy sounds like alchemy impractical expensive and too slow to keep us within a safe warming limit whose behind it can somebody please get the content of the article out form behind the paywall thanks molly scott cato is on bluesky april,7
1643186667233349633,https://twitter.com/SvenVanZanten01/status/1643186667233349633,oembed,via bulgaria ebrd sign key renewables agreements tor valenza april,1
1642781563950866432,https://twitter.com/ANUmedia/status/1642781563950866432,oembed,cancer hospital in vadodara gets world s largest solar concentrator developed by and sunrise csp australia via austrade india april,1
1643177393979260929,https://twitter.com/SvenVanZanten01/status/1643177393979260929,oembed,how much global investment in grids do we need to achieve the c target by compared to recent years we must double grid flexibility investment by triple it by annual investments for all energy transition technologies must more than quadruple renewables grid initiative april,1
1643173282835836929,https://twitter.com/SvenVanZanten01/status/1643173282835836929,oembed,solar magazine universiteit twente onderzoekt potentie zonnecarports en installeert extra zonnepanelen solar storage magazine april,1
1643168171229171712,https://twitter.com/SvenVanZanten01/status/1643168171229171712,oembed,solar magazine april grap academy start talentenprogramma voor tot jarigen solar storage magazine april,1
1643159289039601664,https://twitter.com/SvenVanZanten01/status/1643159289039601664,oembed,great news that helped launch the lismore community solar project the first floating solar farm for nsw with helped funded by nsw govt growing community energy program communitysolar the hon gabrielle upton january,1
1642902005273223169,https://twitter.com/Lea_Pilsner/status/1642902005273223169,oembed,tomorrow and are meeting for the annual eu us energy council here s your checklist over what a good outcome from the meeting for the clean energy transition could look like more in our briefing here lisafischer april,6
1643146652214231040,https://twitter.com/SvenVanZanten01/status/1643146652214231040,oembed,india to add gw of solar in jmk research says it expects india to install gw of new utility scale solar capacity and gw of rooftop pv in the months to dec renewableenergy solarenergy sustainability pv magazine april,1
1643143981910335488,https://twitter.com/SvenVanZanten01/status/1643143981910335488,oembed,jeep dealers impressed with recon wagoneer s electric suvs stellantis the end of the ice age revolution evs batteries lithium copper tesla byd evsmassmarket renewables green energy solar wind drones robots kirill klip gold revolution april,1
1643135827021828096,https://twitter.com/SvenVanZanten01/status/1643135827021828096,oembed,spain portugal to cap wholesale electricity prices until end of year the european commission has informally approved portugal and spain s request to extend the so called iberian exemption mechanism the renewableenergy solarenergy sustainability pv magazine april,1
1643117458939875328,https://twitter.com/mnreindia/status/1643117458939875328,oembed,delegates from g member countries at the nd energy transition working group meeting in gandhinagar visited modhera the first x solar powered village in india modhera solarenergy etwg gandhinagar ministry of new and renewable energy mnre april,6
1642901757431885824,https://twitter.com/ITIFdc/status/1642901757431885824,oembed,heavy industry steel cement and chemicalmanufacturing account for approximately percent of global carbonemissions join us tomorrow to explore how we can reduce emissions in these hard to abate sectors climatesecurity american security project april,3
1643202313677426688,https://twitter.com/GradedSpa/status/1643202313677426688,oembed,fonti green nel le rinnovabili hanno rappresentato della produzione energetica totale dell ue energy energytransition renewableenergy europe energyefficiency sustainability energyindependence russia ukrainerussiawar graded april,1
1642912717366259713,https://twitter.com/HeatChangers/status/1642912717366259713,oembed,our new alliance with has one important goal to contribute to achieve energy and climate targets with joint action and solarheat we look forward to implementing the activities planned to reach this goal heatchangers climateaction heat changers april,6
1643025621109358593,https://twitter.com/kevinsylla/status/1643025621109358593,oembed,heighted uncertainty in global energy markets underscores the need for policies including meaningful action on permitting reform and a robust five year offshore oil and gas leasing program that enable u s produced energy to benefit all americans american petroleum institute april,2
1643081144601067520,https://twitter.com/gnauski/status/1643081144601067520,oembed,last year scotland produced enough renewable electricity to supply all households with power for more than three years that s a jump from to mark a record breaking year read more fortescue future industries april,1
1642797876416851971,https://twitter.com/gncorp/status/1642797876416851971,oembed,high efficiency electrolysis join our free webinar on april missionhydrogen h cleantech greentech energytransition sustainability future mission hydrogen april,2
1642923564608241669,https://twitter.com/UNDPMoldova/status/1642923564608241669,oembed,undp partners will continue to support moldova on the pathway to energytransition from fossil fuels to greenenergy we will invest more in energyefficiency measures renewables undp moldova april,1
1642834916130840576,https://twitter.com/Innana7MIG72/status/1642834916130840576,oembed,why is it so important to be active in building a creativesociety we as humanity are on the brink of death it s obvious we need to come together and unite to change the format of society and create the conditions for survival globalcrisis climateaction climatecrisis vikky ger april,0
1643145128276623360,https://twitter.com/WealdActionGr/status/1643145128276623360,oembed,critics fear the oil business will be enmeshed in the cop climate summit there are indications this is already happening some consultants staff working on cop are being paid by state oil firm adnoc carbon tracker april,2
1643115764591869953,https://twitter.com/jeanneyacoubou/status/1643115764591869953,oembed,want to thank u for the climate data u post it is relevant helpful and answers questions raised on twitter hope u don t get discouraged u ur work r appreciated what doubelieve april,0
1642842341089181696,https://twitter.com/AbhilashShuklaa/status/1642842341089181696,oembed,photo alain schroeder belgium a month old female sumatran orangutan in surgery that should be roaming the forests in indonesia instead struggles to survive as his forest home is eradicated for palm oil if u or me buy palm oil products we are doing this demand palm oil label go green april,3
1643020663865884672,https://twitter.com/o1kimi/status/1643020663865884672,oembed,expanding coal oil and gas while the world hurtles towards runaway climate change and ecological collapse isn t the problem it s tiktok you should be worried about daniel bleakley april,2
1643004527082176514,https://twitter.com/o1kimi/status/1643004527082176514,oembed,sixty six years ago today ran a short news article about the build up of carbon dioxide and the potential threat to the ice caps years ago climatecrisis all our yesterdays april,0
1643342684390580229,https://twitter.com/ManikVSuri/status/1643342684390580229,oembed,attention ice cream lovers did you know that there are some groundbreaking innovations underway that aim to make frozen treats more climate friendly check out what unilever has been testing in our new blog post glaciergrid april,0
1643320277596512257,https://twitter.com/droneseed/status/1643320277596512257,oembed,coral carbon start ups droneseed coral io april,3
1641749684606648320,https://twitter.com/ohjazzme/status/1641749684606648320,oembed,can technology help businesses transition to a zero carbon future we are exploring how digitalization is putting clean energy within reach in episode of our energy series energytransitionnow netzero carbonneutral greeneconomy infosys march,5
1643162877111713792,https://twitter.com/AcrossInner/status/1643162877111713792,oembed,the northern region of china is witnessing a remarkable surge in the construction of solar and wind power parks along its desert belt and this development is transforming the once barren and desolate areas into a bustling hub for renewable energy china xinhua news april,1
1643310603077926912,https://twitter.com/moderateRepand1/status/1643310603077926912,oembed,world economic forum are working on individual carbon footprint trackers to severely restrict where you can travel how you can travel what you can eat and much more under the guise of solving the climate crisis sophia dahl april,3
1643270064676765697,https://twitter.com/GlasOceanElec/status/1643270064676765697,oembed,fresh talent is making waves for a halifax business that manufactures electric boat propulsion kits the kits convert traditional boat motors into hybrid machines reducing diesel consumption and taking a bite from their carbon footprint nova scotia gov april,2
1643285787788693504,https://twitter.com/EnvironmentUrdu/status/1643285787788693504,oembed,remember these greenpeace and extinction rebellion climate activists disrupting private jets at amsterdam s schiphol airport schiphol just banned private jets rafael shimunov april,0
1640021289921564672,https://twitter.com/NickGoodman_geo/status/1640021289921564672,oembed,does the energy in your home come from oil coal or gas switching to renewable energy sources such as wind or solar can reduce your carbon footprint and help protect our planet get more climateaction ideas for a sustainable future united nations march,2
1639913831492116482,https://twitter.com/JamesWBowen/status/1639913831492116482,oembed,allbirds is claiming that it has created the world s first net zero carbon shoe without the use of offsetting we could spend decades debating the finer points of carbon sequestration or we can innovate today with a common sense approach paul dawson march,5
1637727636922454020,https://twitter.com/Danyi_Feng/status/1637727636922454020,oembed,we are conducting on a survey on bioplastic consumer products made from captured carbon dioxide the goal of this survey to is to better understand how much people know and how people feel about these emerging products danyi feng march,4
1457780521946124292,https://twitter.com/Truth2020Seeker/status/1457780521946124292,oembed,must see youtube not about science climate protesters at cop in glasgow call for socialist takeover via climate realists november,0
1643289434459189248,https://twitter.com/ClearBlueMarket/status/1643289434459189248,oembed,uncertainties in the voluntary carbon market vcm can be discouraging to companies who want to get involved rachel kyte outlines how can be the year of enhanced transparency and viability voluntarycarbonmarket clearblue markets april,3
1642970982934560770,https://twitter.com/Boutonski/status/1642970982934560770,oembed,india looks to add more nuclear power generation with help from other countries including u s canada france russia and china india also is building new reactors of that country s own design power magazine april,7
1642938511845212168,https://twitter.com/SafeTech_Labs/status/1642938511845212168,oembed,we re proud to see sustainability focused companies continue to look to vechain as the leading protocol for building real world solutions with vorj cross chain bridges evm tools and other innovative products launching we re opening vechain s powerful and agile vechain april,4
1641786871360417793,https://twitter.com/CanadaPact/status/1641786871360417793,oembed,the annual report is out during cpp s launch year partners laid the groundwork for tackling plasticwaste now we re building on those learnings to accelerate progress and move towards a circulareconomy in canada read the report canada plastics pact march,4
1641714464012771328,https://twitter.com/FutureEarthTPE/status/1641714464012771328,oembed,ecrs in sustainability science circulareconomy what is circular economy how does it work let s find out together future earth taipei march,4
1642847657017364482,https://twitter.com/canberratimes/status/1642847657017364482,oembed,savethedate all righttorepair stakeholders are invited to our rd australianrepairsummit free to attend in person or online australianrepairsummit repair sustainabledevelopmentgoals sustainability environment more details to come leanne wiseman april,4
1641361462940561411,https://twitter.com/MoCCaEUAE/status/1641361462940561411,oembed,the recapp app provides a service for collecting recyclable waste in abu dhabi and dubai to all community members rewarding them with points for various shopping vouchers and offers solutions for all companies institutions and schools learn more march,4
1642693478428684289,https://twitter.com/MarceloRaad7/status/1642693478428684289,oembed,how can we create more inclusive sustainable climate friendly supply chains and how can we spark change in the private sector to make it happen find out at our live event on april am reshapingdevelopment world bank group april,3
1642888162652372992,https://twitter.com/ApeEnergyLabs/status/1642888162652372992,oembed,people always ask us why carbon tokens so we set up a space x are partnering to fight climate change find out more on at pm cest web carbontokens climatechange solana sunrise stake april,5
1642870554024882177,https://twitter.com/drtummuru/status/1642870554024882177,oembed,do you know telangana is the first state to introduce cool roof policy aim bringing of area in telangana under cool roofing by cool roofs roofs painted with solar reflective paint covered with white tiles or with white membrane ktr former minister april,1
1640288320449028097,https://twitter.com/CarbonDerby/status/1640288320449028097,oembed,we need your help to understand the joy of trees choose of walks in the and answer a few questions our work with and will go towards answering how treescapes affect biodiversity naturerecovery and more go jauntly march,0
1640668244561260544,https://twitter.com/SalvoChester1/status/1640668244561260544,oembed,clean cooking gold standard verifies world s first clean cooking carbon credits in africa businessgreen march,3
1642938124895674368,https://twitter.com/s_guilbeault/status/1642938124895674368,oembed,national observer said for the country to be one of the top carbon emitters with so few people shows canada s carbon footprint is closely tied to the extraction and refining of fossil fuels for export rather than our domestic energy needs but canada continues to export coal case by case april,3
1642912355683106820,https://twitter.com/KirkSpano/status/1642912355683106820,oembed,how to pick oil gas stocks for the energy transition energy oil solar sustainability cleanenergycleanfuture etfs stockstobuy investing kirk spano april,2
1643035025200349184,https://twitter.com/SvenVanZanten01/status/1643035025200349184,oembed,iberdrola und mapfre erreichen in spanien mw wind und solarenergie erneuerbare energien umweltschutz april,1
1643032462782615552,https://twitter.com/SvenVanZanten01/status/1643032462782615552,oembed,grenergy and amazon have signed a ppa for a mwp solar energy project in spain this is a big step forward in our efforts towards a more sustainable future renewableenergy solarenergy saur energy april,1
1643025775321333761,https://twitter.com/SvenVanZanten01/status/1643025775321333761,oembed,this month we ll challenge you to do more for our planet up first consider electrifying your home whether you go solar add an ev charger or switch to a heat pump there are plenty of green options available sunpower april,6
1643010504305135616,https://twitter.com/SvenVanZanten01/status/1643010504305135616,oembed,a coalition of environmental groups said it is withdrawing a lawsuit against a renewable energy giant that it has accused of jeopardizing the last remaining wild atlantic salmon in the u s ap climate april,2
1642998150251028487,https://twitter.com/AngieCraigMN/status/1642998150251028487,oembed,when we invest in clean energy we build stronger more resilient economies communities futures cheryl i were glad to join today to announce a historic investment in mn s manufacturing innovation clean energy economy angie craig april,2
1643006711362404352,https://twitter.com/SvenVanZanten01/status/1643006711362404352,oembed,a solar powered sand based battery thermal energy storage project is underway in italy solarpower thermalenergy renewables greenway report april,1
1643005090712649730,https://twitter.com/JoeCurtatone/status/1643005090712649730,oembed,thanks to the hard work and diligence of so many climate organizations and support from millions of activists we ve come a long way and accomplished a lot together onwards and upwards climate power april,0
1642997035983941633,https://twitter.com/POTUS/status/1642997035983941633,oembed,heading over to the event with and the electrolyzers manufactured here produce clean hydrogen energy that help decrease carbon emissions and reduce our carbon footprint ilhan omar april,2
1642997014651711491,https://twitter.com/IlhanMN/status/1642997014651711491,oembed,it s big day today i welcomed president biden to my district in minnesota he s visiting as part of the investing in america tour to highlight the investments the administration is making to address the climate crisis right here in minnesota ilhan omar april,0
1642991487498723329,https://twitter.com/SvenVanZanten01/status/1642991487498723329,oembed,are you passionate about tackling the climate emergency do you want to join an expanding renewable energy installation firm then this is a fantastic opportunity for you find out more and apply at closing date is th april your energy your way april,6
1642632507567886349,https://twitter.com/ComEd/status/1642632507567886349,oembed,illinois community solar program democratizes access to solar energy the herald news shaw local april,1
1642977184548630532,https://twitter.com/POTUS/status/1642977184548630532,oembed,our investments are building a clean energy manufacturing future with good paying jobs today i m at cummins in minnesota where they re going to build the technology that produces clean hydrogen it s a game changer for working families and it s a game changer for our planet president biden archived april,2
1642946144862093312,https://twitter.com/MCECleanEnergy/status/1642946144862093312,oembed,two years ago issued a bold challenge to create a clean energy future answered that call and is moving rapidly to create a robust and sustainable clean energy economy with good paying union jobs secretary deb haaland april,2
1642529076677165056,https://twitter.com/SecondGentleman/status/1642529076677165056,oembed,i was proud to announce million in grants to six zambian companies as part of s alternatives to charcoal project these companies are developing clean cooking technologies that will be transformative for families and help to fight climate change douglas emhoff archived april,3
1641908478108131330,https://twitter.com/CEBIP_SBU/status/1641908478108131330,oembed,the clean energy innovator fellowship matches recent graduates with opportunities to advance cleanenergy solutions is now accepting applications for host institutions due april cleanenergyjobs office of critical minerals and energy innovation march,6
1642927437930717186,https://twitter.com/mzjacobson/status/1642927437930717186,oembed,solar and wind are growing faster than fledgling nuclear and lng once did mark z jacobson april,7
1642972708676796418,https://twitter.com/JLownLaw/status/1642972708676796418,oembed,watch live biden talks clean energy at a minnesota hydrogen electrolyzer production facility pbs news april,2
1642966467129008128,https://twitter.com/SvenVanZanten01/status/1642966467129008128,oembed,having a hard time keeping up with climatechange news read s top ten takeaways in climate news a monthly roundup of developments in greenfinance biodiversity renewable energy climate and more get the lowdown on march today connect climate april,0
1642962912032731136,https://twitter.com/andreaisms1/status/1642962912032731136,oembed,we at elm are proud to honor speaker at earthnight on may committed to making ma a leader in cleanenergy he has played a pivotal role in passing trailblazing climate legislation register to join us and celebrate speaker mariano environmental league of massachusetts april,0
1642955922841702400,https://twitter.com/SvenVanZanten01/status/1642955922841702400,oembed,via edf renewables indiana michigan power collaborate on solar projects tor valenza april,1
1642898173986484224,https://twitter.com/TheOliverStone/status/1642898173986484224,oembed,the enclosed highly respected report on nuclear power from march surprised me as it repeated many of our conclusions and i reached in our nuclearnow documentary oliver stone april,7
1642949604495982593,https://twitter.com/SvenVanZanten01/status/1642949604495982593,oembed,via as electricity rates rose last year solar offers bill stability tor valenza april,1
1642931213844246529,https://twitter.com/SvenVanZanten01/status/1642931213844246529,oembed,the tesla gigafactory in texas achieves production of cars in a week but trails behind berlin in its friendly production ramp up competition tesla electricvehicles sustainability renewables greenway report april,1
1642889440375762950,https://twitter.com/NECEC/status/1642889440375762950,oembed,watch our latest emerging trends series called where is the climate economy headed opening keynote of panel maine energy office act the alliance for climate transition april,2
1642923613555752960,https://twitter.com/SvenVanZanten01/status/1642923613555752960,oembed,oil prices soar as opec cuts production emphasizing need for renewableenergy climate finance time to invest in sustainable alternatives to reduce fossil fuel reliance read more climatefinance opec se n collins april,2
1642920902932168707,https://twitter.com/SvenVanZanten01/status/1642920902932168707,oembed,grid connectivity issues will always be there but better legislation and skilled workers are needed panellists during last month s large scale solar europe event hosted by pv tech publisher sol pv tech april,1
1642917775537582081,https://twitter.com/SvenVanZanten01/status/1642917775537582081,oembed,it takes x as much energy to propel a hydrogen fuel cell vehicle one kilometre than a battery vehicle it makes no sense to build x more solar wind power for h than required to power evs hydrogen science coalition april,1
1642910134430240768,https://twitter.com/SvenVanZanten01/status/1642910134430240768,oembed,via opis renewable services begins operations in chicago tor valenza april,1
1642905576383598592,https://twitter.com/SvenVanZanten01/status/1642905576383598592,oembed,via ny moves toward public ownership operation of renewable power in budget negotiated by state leaders tor valenza april,1
1642263037368213508,https://twitter.com/ZacSmithNEWS/status/1642263037368213508,oembed,snpw solar snpw renewable energy solutions april,1
1642891995986419712,https://twitter.com/SvenVanZanten01/status/1642891995986419712,oembed,via otter tail wants more solar aims to repower wind turbines warns of epa haze rule impact tor valenza april,1
1640411952353607681,https://twitter.com/USIndianAffairs/status/1640411952353607681,oembed,orphaned oil and gas wells are an environmental hazard that jeopardize public health and safety with funding from bipartisan infrastructure law states like louisiana are moving quickly to plug these sites and help keep people safe us interior press team march,2
1642875493266620416,https://twitter.com/SvenVanZanten01/status/1642875493266620416,oembed,via the pitch the case for elevated dual axis solar trackers with stracker solar tor valenza april,1
1642860951920693248,https://twitter.com/Grace_Stanke/status/1642860951920693248,oembed,miss america challenging misconceptions about nuclear energy ge vernova hitachi nuclear energy april,7
1642865059561984000,https://twitter.com/SvenVanZanten01/status/1642865059561984000,oembed,the fossil fuel industry gets million dollars every single minute in subsidies how many more disasters does it take before we stop funding the problem actonclimate climateemergency climate energy renewables sdgs mike hudema april,2
1642651369822728195,https://twitter.com/DaviesNow/status/1642651369822728195,oembed,catch a screening of nuclear now at tomorrow the film will be followed by a talk w co writer tpn member director co writer richard lester daniel schrag tpn member rsvp the progress network april,7
1642850119513956352,https://twitter.com/SvenVanZanten01/status/1642850119513956352,oembed,the rise in global co emissions last year would have been nearly x as high if it wasn t for the strong growth of cleanenergy read more iea energymanagement renewables spacewell energy dexma april,2
1642825525407170562,https://twitter.com/dexma/status/1642825525407170562,oembed,stronger coal oil use amid the energy crisis extreme weather offline nuclear plants drove the rise in global co emissions in but this growth would be nearly times as high without clean energy it prevented million tonnes of emissions international energy agency april,2
1643017399711547394,https://twitter.com/GradedSpa/status/1643017399711547394,oembed,energia pulita rilancia sull idrogeno e presenta i nuovi progetti di ricerca energy energytransition hydrogen hydrogennow research innovation industry sustainability napoli graded april,1
1441421666492379136,https://twitter.com/TweetsBentley/status/1441421666492379136,oembed,climateweek reminder about our upcoming municipal elections on oct th our new polling reveals calgarians know a transition is coming don t want to get left behind think calgary should be leaders on it hit up our blog for more details yyc calgary climate hub september,0
1642980524590346243,https://twitter.com/RenewablesAssoc/status/1642980524590346243,oembed,don t miss canada s largest wind solar and energy storage operations event register today canreaopsummit canadian renewable energy association canrea april,1
1642877574278791168,https://twitter.com/PochoDiaz/status/1642877574278791168,oembed,these steps can address immediate risks in scaling renewable energy production while expanding the conversation on what a truly justtransition should look like read more trust accountability inclusion collaborative april,6
1495759562359644160,https://twitter.com/degiorgiod/status/1495759562359644160,oembed,it was always a superb idea on the way out from the covid recession world consuming nations defunded market oriented oil companies via e g propaganda while deferring their energy security to a cartel of oligopolists opec compliance cuts in january domenico de giorgio eu capre diem not a typo february,2
1642874517415395329,https://twitter.com/EmOneEnergy/status/1642874517415395329,oembed,the fellowship is tailored to advance national efforts to advance the energy transition by supporting etafellows working on renewableenergy projects this is critical to ensuring reliable electricity access energy security and climateaction rmi africa april,6
1642923051540004864,https://twitter.com/UNDPMoldova/status/1642923051540004864,oembed,discussed today with un resident coordinator and heads of un agencies in moldova about the assistance in energy sector one of the priorities is relaunching the energy efficiency agency to effectively manage investments in residential buildings victor parlicov april,6
1642906323472850944,https://twitter.com/GradedSpa/status/1642906323472850944,oembed,energia ue approva regime italiano da mln per idrogeno green energy energyefficiency energytransition hydrogene greenhydrogen renewableenergy sustainability europe russia ukrainerussiawar graded april,1
1641805014376099840,https://twitter.com/TranslateEnergy/status/1641805014376099840,oembed,the new innovationfund call will make million available to innovative small scale clean tech projects in the areas of renewableenergy decarbonisation of energy intensive industries energystorage ccus more energy europe march,6
1642841798480482304,https://twitter.com/SyncroKombi/status/1642841798480482304,oembed,scientists hail new battery with times energy density of lithium ion i m impatient for this new tech to reach commercial reality how soon can it be made to happen climatehope bsky social april,1
1641712044742172675,https://twitter.com/MarineCornelis/status/1641712044742172675,oembed,join us for a timely episode with hear her insights on energyefficiency in the construction sector making an impact on people s lives energytransition policy construction eu podcast energ ethic podcast bsky social march,6
1642776775431446528,https://twitter.com/g20org/status/1642776775431446528,oembed,detailed discussions at the nd etwg meeting aimed to improve accessibility towards clean energy across the world it also initiated an exchange of dialogue on the need for affordability and inclusivity in energy transition pathways g india g united states april,6
1642816200857235459,https://twitter.com/AustriaatEU/status/1642816200857235459,oembed,in the largest contributing source to primary energy production in the eu was renewable energy of total eu energy production followed by nuclear energy solid fuels natural gas crude oil what about your country eu eurostat april,1
1642904122742505472,https://twitter.com/parents4futureG/status/1642904122742505472,oembed,happy birthday parents around the world mobilise behind youth climate strikes we owe it to our kids parents from countries demand urgent climate action parentsforfuture parents for future endfossilfuels p f germany april,0
1388543161744588810,https://twitter.com/mzjacobson/status/1388543161744588810,oembed,land requirement estimates for renewables that don t consider multi use implementation contexts are bad faith arguments xoiiku may,1
1642948958573002753,https://twitter.com/agreenewyork/status/1642948958573002753,oembed,and the fossil fuel lobby are trying to fundamentally undermine ny s climate act with no hearings no committee votes no public debate if there were itd be crystal clear that its a sham gov and legislature should immediately reject this big oil and gas scheme nypirg april,2
1642501887986397187,https://twitter.com/MotherEarthFir4/status/1642501887986397187,oembed,if we switched to renewableenergy the number of ships crossing the ocean would fall by because they re just carrying coal oil gas we have the solutions implement them actonclimate climateaction climate energy greennewdeal mike hudema april,2
1642846376735264769,https://twitter.com/WeDontHaveTime/status/1642846376735264769,oembed,women s economic justice climate justice learn more about the solar harnessed entrepreneur she project from country director dr yaikah jeng joof how cleanenergy access is empowering women entrepreneurs in the country letschangeenergy global energy alliance for people and planet april,2
1642414383467839488,https://twitter.com/GretaFollow/status/1642414383467839488,oembed,celebrating the birth of a woman that paved the path of environmental defenders and showed us the great need to love our planet a lot more hamira the kobusingye april,0
1642756183764406272,https://twitter.com/GretaFollow/status/1642756183764406272,oembed,i m updating my climate change lectures and it s hard not to get emotional reading the ipcc ar wg report this is the deciding decade and we re not making the right decisions david ho april,0
1638243833262555136,https://twitter.com/LPElisabeth/status/1638243833262555136,oembed,years in the making yesterday s ipcc th assessment report synthesises a page summary of climate and related sciences and is arranged around headline statements i m going to try and summarise it in plain language tweets dr charlie gardner also on the blue place march,0
1642857267199442945,https://twitter.com/OttavioMCMLXI/status/1642857267199442945,oembed,science speaks in the voice of evidence science denial speaks in the voice of opinion climatebrawl climatecrisis climateemergency dr gerald kutney climate politics april,0
1642547051845091328,https://twitter.com/jacannica/status/1642547051845091328,oembed,since it coincided with trump s arrest you may have missed one of the biggest pieces of climate research in recent years bill mckibben april,0
1642841934606610433,https://twitter.com/moniqueroffey/status/1642841934606610433,oembed,are you a writer do you want to stand up for our environment join us april pm find out more about writers rebel how we work what we do and how you can get involved for the big one and beyond xr writers rebel april,0
1642809134788509697,https://twitter.com/jeanneyacoubou/status/1642809134788509697,oembed,concerned about government inaction on rivers biodiversity urban tree felling habitat loss increased fossil fuel extraction come to parliament sq st th join like minded people no radical action information networking unitetosurvive show the govt we care xrgrandparentsandelders bsky april,0
1642763162591330304,https://twitter.com/SwadhinCheta/status/1642763162591330304,oembed,mangroves are green giants serve as natural shield protecting people their assets from disasters reducing climatechange impacts discover how restoration of mangroves is improving resilience of coastal communities in paradipcoast odisha biswajeet samal april,3
1642485526748954625,https://twitter.com/AndreaCulkova/status/1642485526748954625,oembed,we also need to attend to which environmental educators have the luxury of being found funny who is more likely to be seen as funny and who is more likely to be seen as a killjoy by constance rusell patrick chandler scholarsunday max boykoff april,0
1642534401685835777,https://twitter.com/MotherEarthFir4/status/1642534401685835777,oembed,looking for ideas for how to help goal this earthmonth find a climate charity to support try eating plant based one day a week use reusable products and packaging compost your food scraps offset your carbon emissions the global goals april,0
1642165191822417923,https://twitter.com/MotherEarthFir4/status/1642165191822417923,oembed,watch walter cronkite s historic coverage of the first earth day over years ago he boldly covered the first earthday with the same passion he had for covering the moon landing rallying over million americans to join the emerging green movement stone soup leadership institute april,0
1642671285619548162,https://twitter.com/MarthaStewart/status/1642671285619548162,oembed,this acre eco farm in kentucky is among the largest climate controlled indoor farms in the u s it s chemical free non gmo and grown with rainwater we have so many solutions implement them actonclimate climatecrisis climate energy foodsecurity greennewdeal mike hudema april,3
1642665898589945856,https://twitter.com/MotherEarthFir4/status/1642665898589945856,oembed,what s the most important subject we learn in school for climate it might be thermodynamics it s needed to understand climate change to understand how a heat pump works to understand why stopped co emissions is easier than doing co removal cdr etc david ho april,0
1638218217251385344,https://twitter.com/Brockuniversi/status/1638218217251385344,oembed,we are rapidly transforming earth to a deadly unlivable hot house earth where no one survives simulation of climate surface air temperatures from onwards go green march,0
1642957647321399297,https://twitter.com/Boutonski/status/1642957647321399297,oembed,bravo on behalf of the american nuclear community we heartily applaud vogtle s connection to the grid and congratulate the men and women who made it a reality said ans exec director and ceo craig piercy american nuclear society april,7
1642627348724867078,https://twitter.com/IrishDocsEnv/status/1642627348724867078,oembed,we were proud to support with funding to design the inhaler toolkit for green prescribers spark seed project great example of frontline innovative activity from the powerhouse group spark innovation programme april,4
1641453990838939656,https://twitter.com/PackNews/status/1641453990838939656,oembed,s foi request shows collected m from plastic packaging tax packagingnews march,4
1642088382581882880,https://twitter.com/Nicochan33/status/1642088382581882880,oembed,right to repair commission introduces new consumer rights for easy and attractive repairs sustainability sdg repair innovation nicolas babin april,4
1642126009502773251,https://twitter.com/SWEEPFoundation/status/1642126009502773251,oembed,we are officially counting down to the launch of the green campus project launch at the university of ibadan greencampusproject is powered by and funded by recycledge april,4
1642608375237079041,https://twitter.com/alurabrava/status/1642608375237079041,oembed,this innovative dutch farm grows food with minimal water no soil and zero pesticides this is where i find hope in solutions being implemented all over the world let s speed it up actonclimate climatesolutions climate energy farming greennewdeal nature hope mike hudema april,3
1642413740791406592,https://twitter.com/yveszieba/status/1642413740791406592,oembed,begreengoblue emdinmycountry join us in lausanne on june th we will celebrate together the beauty of our ocean seas lakes and rivers and our sustainable blue economy more information on our open lab event and partnership opportunity emd syntezia s rl april,6
1642475786727829506,https://twitter.com/Truth2020Seeker/status/1642475786727829506,oembed,the mad bad net zero policies are solutions to non existent problem man made climate change is a hoax farmers will be ordered to feed cows methane suppressants to stop them belching and breaking wind under government plans to reach net zero adnan al daini ph d april,5
1642504737999187969,https://twitter.com/PostCovid2020/status/1642504737999187969,oembed,how much climate finance will be needed for each country to transition to a resilient and low carbon development pathway find out how world bank group country climateanddevelopment reports aim to answer this question climateexplainer world bank group climate and environment april,3
1637388668687073281,https://twitter.com/GWShydros/status/1637388668687073281,oembed,this is how is doing wastewatertreatment and carboncapture in one process water carbon factory via markus baumann march,3
1642557540444545027,https://twitter.com/Emma34770971/status/1642557540444545027,oembed,let s blame global warming for britain s worsening weather the wettest march since net zero watch april,0
1642514155813982208,https://twitter.com/sfjsynfuels/status/1642514155813982208,oembed,progress in transitioning from fossil fuels to renewable energy substitutes have generally been limited to the production of electricity which powers only about of the world s energy needs energytransition climateactionnow renewableenergy art berman april,2
1642529516093595649,https://twitter.com/ForestDeptt/status/1642529516093595649,oembed,anything we do can be easily interlinked to climate matters mangroverestoration will always remain our priority growithus mangrovesplantation by place paradeep mahanadimangrovesecosystem kishor mallick april,3
1642182817034428419,https://twitter.com/RiseUpMovDRC/status/1642182817034428419,oembed,stop fake renewables stop false climate solutions we are watching you riseupmovement climateaction guillaume kalonji april,2
1642548945267363840,https://twitter.com/CollectorJspur/status/1642548945267363840,oembed,today more than mangrove saplings were planted by at mahanadi river mouth neheru bangla paradip one of the most effective ways of mitigating the climatecrisis is by restoring nature mishti mangroverestoration mangrovesplantations biswajit nayak april,3
1641279608799543296,https://twitter.com/PlanetCents/status/1641279608799543296,oembed,now that s a unique way to fish nature is amazing protect it actonclimate climate rewiliding nature naturelovers rewilding greennewdeal mike hudema march,0
1642254891325222912,https://twitter.com/Kenz300zx/status/1642254891325222912,oembed,main topic more youth are starting to sue states over climate change via on on the extreme temperature diary sat climate weather science articles guy walton april,0
1642453942842826755,https://twitter.com/Kenz300zx/status/1642453942842826755,oembed,caroline lucas the government s climate plans are a recipe for disaster what was touted as a green day instead revealed a refusal to acknowledge painful realities dr paul dorfman april,0
1642614528272928768,https://twitter.com/ENERGY/status/1642614528272928768,oembed,icymi us dept of has published a liftoff report advocating a rapid nuclear build out plan even more aggressive than china of adding gw annually to deploy another gw of nuclear by mind blowing uranium demand john quakes april,7
1640822047873077249,https://twitter.com/quakes99/status/1640822047873077249,oembed,federal budget represents a turning point for nuclear energy in canada we are no longer simply an option on the table but are now being recognized as an indispensable pillar of s clean energy transition read more canadian nuclear association march,7
1642212516263604225,https://twitter.com/VP/status/1642212516263604225,oembed,addressing the climate crisis is a global challenge i am proud to have secured billion in private sector commitments that will support climate resilience adaptation and mitigation across the continent of africa vice president kamala harris archived april,0
1641800844306968578,https://twitter.com/dinabass/status/1641800844306968578,oembed,with microsoft nearly of the way through spending its climate fund the team new chief sustainability officer melanie nakagawa want to make the rest of the money go further by taking advantage of the inflation reduction act my profile of the fund dina bass march,5
1641751471069749252,https://twitter.com/tracyrohan/status/1641751471069749252,oembed,the most important climate change chart right now dr doug mcneall march,0
1641830123644002313,https://twitter.com/tracyrohan/status/1641830123644002313,oembed,my vote for most important climate figure goes to this one pete irvine march,0
1642192752967393281,https://twitter.com/JosiahMarti76/status/1642192752967393281,oembed,berlin votes no to net zero in a referendum last sunday the citizens of berlin voted no to the city becoming carbon neutral by this is despite the millions of euros that were spent on net zero propaganda posters that plastered the city concerts by famous performers mark alan pearce april,5
1641051882356457472,https://twitter.com/apapa0001/status/1641051882356457472,oembed,a new paper outlines how rewilding can be a game changing climatesolution the trophicrewilding of just key wildlife species can potentially capture an additional billion tons of carbon annually conservationoptimism internetofelephants march,0
1641907885280993282,https://twitter.com/Rokewood/status/1641907885280993282,oembed,in signing the cptpp britain has ditched environmental standards signed up to terms that will undermine british farmers and left us open to being sued by multinational corporations in secretive courts and all for no real economic benefit charles wheeler march,5
1641123751428341765,https://twitter.com/RicMenchetti/status/1641123751428341765,oembed,the german climate minister vice chancellor robert habeck desperately trying to defend germanys nuclear phase out he is so full of stemning hot its amazing he got voted into power danish nuclear advocate march,7
1641603558322872321,https://twitter.com/VANTEC_Networks/status/1641603558322872321,oembed,join us on april for our clean tech and climate tech investor meeting learn the investment trends from speakers watch over company presentations and network with the community register now vantec march,5
1641078759519313921,https://twitter.com/AmrithRamkumar/status/1641078759519313921,oembed,people thought the climate industry was immune that s not true at all green finance slows down after a record stretch amrith ramkumar march,5
1641828978204852225,https://twitter.com/SciNetUCS/status/1641828978204852225,oembed,today the announced it would grant a waiver under the clean air act allowing california and other states to implement requirements for the sale of zero emission heavy duty trucks this is a vital step to building a cleaner transportation system union of concerned scientists march,2
1640078848040779776,https://twitter.com/Disneyland/status/1640078848040779776,oembed,the more data we have the more it s clear that beef is one of the biggest contributors to climate change joshua march march,0
1641353785602895872,https://twitter.com/Mijke_Gelbmann/status/1641353785602895872,oembed,according to united nations environment of the carbon stored in farm soils have already been lost action now savesoil consciousplanet conscious planet savesoil march,3
1641418615001063424,https://twitter.com/minota8r/status/1641418615001063424,oembed,news devvstream commemorates the women creating the advancements and innovations that drive its business forward learn more about these proven and influential leaders desg nwha womenshistory esg carboncredits carbonfootprint sustainability devvstream inc march,0
1641336636679004160,https://twitter.com/hertscc/status/1641336636679004160,oembed,i am the tree i cool the earth i store co i protect the soil i take care of the water table i am the home of many animals i produce oxygen i clean the air and water please make sure that my friends become more not less green is a mission march,0
1641502522425720833,https://twitter.com/SamAsIAm/status/1641502522425720833,oembed,oh look it s the us china pledging together all the way back in to get ccus up running when are we going to accept the fact that carbon capture doesn t work i realize that s a heavy lift but it s no heavier than accepting the end of our climate system imho dr genevieve guenther she they march,3
1641812431839145990,https://twitter.com/Bill963/status/1641812431839145990,oembed,the u k shows the peril of not ditching net zero policy openly net zero is dying a slow death as voters and politicians realise its folly maybe someone will eventually admit it out loud costofnetzero net zero watch march,5
1641341334655991810,https://twitter.com/Sun4All_EU/status/1641341334655991810,oembed,the missing tool in tackling energy poverty empowering renewable energy communities in the energy crisis mitigation in a unique collaboration eu funded projects produced a comprehensive briefing including recommendations for various stakeholders becoop h march,6
1641768821110321152,https://twitter.com/Boutonski/status/1641768821110321152,oembed,sweden highest percentage ever in favour of keeping nuclear survey suggests nuclearenergy nuclearpower backing of represents increase from year earlier nucnet nuclear news march,7
1641883103655231488,https://twitter.com/Boutonski/status/1641883103655231488,oembed,armenia extends the operational lifetime for unit of the metsamor npp nuclear is the country s second largest form of electricity generation of total share refurbishing the existing global fleet of nuclear power plants is crucial to meet future clean energy demands world nuclear association march,7
1635415487998722050,https://twitter.com/NickGoodman_geo/status/1635415487998722050,oembed,biomass burial is one of the most promising and uncharacteristically simple engineered approaches to removing carbon from the atmosphere trellis march,3
1640847663754035201,https://twitter.com/BJSLCCnct/status/1640847663754035201,oembed,in case you re avoiding your inbox right now we just sent out a newsletter with great opportunities for researchers changemakers to collaborate from climate to values based communication we re looking for folks with all sorts of interests research impact march,0
1641319445791494145,https://twitter.com/FelixCapital/status/1641319445791494145,oembed,after bootstrapping for years energy renovation company effy raises million by techcrunch march,2
1641440149279223813,https://twitter.com/DexmatInc/status/1641440149279223813,oembed,copper is an integral component for scaling up production of solar panels wind turbines and evs what if you could commercialize a material that possesses the conductivity of copper and is stronger than steel and lighter than aluminum trellis march,1
1641459797491867648,https://twitter.com/twllannister/status/1641459797491867648,oembed,climate tech fundraising has been fast furious for a few years but that wasn t always the case at all take aurora solar now one of the best funded u s climate techs m raised they struggled to raise for years take it from who helped change that nvo march,5
1641344830725914624,https://twitter.com/aislingconlon94/status/1641344830725914624,oembed,launching accelerator ireland s national sustainability accelerator with backed by accelerator ecosystem connects startups industry and national assets to accelerate toward net zero dogpatch labs march,5
1637723146793910272,https://twitter.com/amazon/status/1637723146793910272,oembed,tonne giants we start to transport the first pieces of our new offshorewind farm baltic eagle our second in germany keeping boosting european growth and jobs leading the global energytransition renewables iberdrola power march,7
1641453991312883720,https://twitter.com/locationoneltd/status/1641453991312883720,oembed,check out our spotlight interview with carly hardy location one s inspirational director of sustainability and the driving force behind our environmental projects location one ltd march,4
1641011392529457152,https://twitter.com/CES_Tweet/status/1641011392529457152,oembed,and are hosting the community conversation focused on the outer hebrides experience as a pilot in ripeet the session provides insights into the regional energy context and project process to the mirror regions joining the peer learning visit in may ripeet march,6
1641309930186498048,https://twitter.com/EmBeck2015/status/1641309930186498048,oembed,destroy as many mature trees as you like in any location buy a plot like this in the south of the county and hey presto you have a biodiversity net gain please tell me i ve got this wrong madingley hill preservation march,0
1641231685479206913,https://twitter.com/LeathernckMikey/status/1641231685479206913,oembed,this is a pivotal time in human history when the people in power decide that co the giver of life is the destructor of life the outcome will be disastrous billions will die if they ban fossil fuels and nitrogen fertilizer and refuse nuclear they are the epitome of evil patrick moore march,2
1641324192745369602,https://twitter.com/Truth2020Seeker/status/1641324192745369602,oembed,the telegraph very interesting article indeed net zero is a trojan horse for the total destruction of western society sandra weeden march,5
1641394896350134273,https://twitter.com/D2Rcoaching/status/1641394896350134273,oembed,i seriously want to do the right thing for the environment but regular disruption delays cancellations on the trains makes it really hard deborah meaden march,2
1641323142474784769,https://twitter.com/Strands/status/1641323142474784769,oembed,genz s outlooks have been colored by climate anxiety a shifting financial landscape and covid and you should care about what they think by gen zers will make up of the asia pacific region learn more mckexplainers mckinsey company march,0
1641532804486799368,https://twitter.com/morphizm/status/1641532804486799368,oembed,if you love paying more for electricity you are going to love carbon capture bonus it s not likely to reduce climate pollution either a real lose lose peter hart march,2
1641495939247480832,https://twitter.com/johnecohound/status/1641495939247480832,oembed,to suggest carbon capture can be used to mask the future production of fossil fuels is a false narrative chris skidmore the chair of the uk s net zero review tells channel news march,3
1641341449475170304,https://twitter.com/AdvHydrogenTech/status/1641341449475170304,oembed,companies like are working tirelessly to help solve these problems efficient greenhydrogen energy and effective carboncapture are just around the corner new uk net zero plan targets emissions and costs waterasafuel hydrogen chorus advisers march,5
1641040114095919104,https://twitter.com/RndIndianoil/status/1641040114095919104,oembed,we have realized the tremendous value of carbon capture unit ccu having captured co in bulk from fuel gases psa off gases process vents we now have the first ccu project with tpd co potential in north eastern refineries greeningenergytogether indianoil indian oil corp ltd march,3
1641121656730009627,https://twitter.com/RamsgateBrewery/status/1641121656730009627,oembed,well done to gadds for winning the sustainable business award at the siba awards special thanks to for sending us the video and for helping kent businesses lead the way in healthy and sustainable production ramsgatebrewery gadds kent isle magazine march,4
1640872448936787968,https://twitter.com/AustCCR/status/1640872448936787968,oembed,in response to questions about narrabri and the handling of reservoir waste santos notes it is deploying ccs at moomba in part government funded it is really hard to accept this is an official document and not a gee up paul smallwood march,3
1430833360386117633,https://twitter.com/sammwittings/status/1430833360386117633,oembed,crucial point many climate activists don t want people to think realise if you believe the conventional wisdom on climate then you will not achieve your goals without big technological shifts e g direct air carbon capture dominic cummings august,0
1641395523943800833,https://twitter.com/TonyDowling/status/1641395523943800833,oembed,here we have it confirmed that the government is breaking the promise they made to the world at cop today s strategy will not meet their ndc climate target this is a disaster it puts beyond all reasonable doubt that the conservatives are failing on climate action ed miliband march,0
1641062269038604288,https://twitter.com/KatyWieese/status/1641062269038604288,oembed,still at the european parliament for the policy session thank you very to the panelists from dg ener energy poverty advisory hub epah powerpoor empowermed march,6
1638857580914135040,https://twitter.com/wellbasedEU/status/1638857580914135040,oembed,you still have time to prepare your proposal to obtain dedicated local support for your energypoverty actions watch the recorded session to know how and why to apply for the epahcall submission by april eu energy poverty advisory hub march,6
1641316102062866432,https://twitter.com/guardian/status/1641316102062866432,oembed,carbon market certification isn t changing now because of its yrs of fraud but because it s being exposed think new standards will stop the fraud you ve learnt nothing the very concept is fraud big climate influencers keep mouths shut stephen corry march,3
1641007012627587072,https://twitter.com/SSavignard/status/1641007012627587072,oembed,today we revealed the full size dart carriage mock up in dublin with these x trapolis trains will be ireland s first modern battery fleet and will contribute to the country s carbonreduction efforts through publictransport sustainable alstom march,1
1639315109108498450,https://twitter.com/Boutonski/status/1639315109108498450,oembed,nuclear waste is nothing compared to climate change nuclear now directed by will be out in movie theaters on april th so excited for everyone to watch this incredible and enlightening film isabelle march,7
1484307530419666945,https://twitter.com/WistfulCass/status/1484307530419666945,oembed,bangon bbcqt uk transport policy is rubbish from climatecrisis pov liarjohnson announced price cut for domesticflights during cop in glasgow cass blakeman writer reader fbpe nhs january,5
1641028754460819457,https://twitter.com/StartUpGET/status/1641028754460819457,oembed,and the setaward winners are energy dome heatrix congratulations you have convinced the jury and we look forward to seeing you grow and realise your vision read our official press release start up energy transition set march,6
1641086811077320704,https://twitter.com/GradedSpa/status/1641086811077320704,oembed,energia nel pi di un terzo dell elettricit arriver dalle fonti rinnovabili energytransition energyefficiency renewableenergy sustainable carbonneutral green russiaukrainewar ukrainewar graded march,1
1641000069787791360,https://twitter.com/WiltsLibraries/status/1641000069787791360,oembed,we were so pleased to attend the greenlibrariesconference last week and share this video about the climate change carbon reduction waste recycling activities that we ran at devizes library after receiving green libraries grant funding wiltshire libraries march,4
1640748112921722883,https://twitter.com/PortsmouthPort/status/1640748112921722883,oembed,today our port director hosted s ceo anne marie mountfield for a tour of our new terminal construction they discussed our sustainability ambitions along with the wider port masterplan and how we can play our part in boosting the solent s economy portsmouth international port march,5
1641016355909500928,https://twitter.com/bagnallmorris/status/1641016355909500928,oembed,our key account managers steve and jenny supported the team at the with their sustainability roadshow yesterday keep up the great work team b m waste services march,4
1640636159318712320,https://twitter.com/CarbonMrktWatch/status/1640636159318712320,oembed,the european parliament has just voted to empower consumers and protect them from unfair commercial practices by banning deceiving climate neutral claims improving sustainability labels blacklisting early obsolescence our press release european environmental bureau march,5
1320113525310836736,https://twitter.com/elinavaltonen/status/1320113525310836736,oembed,as soon as a coin in the coffer rings a soul from purgatory springs perpetual everyday plenary indulgence goyims calculates their carbon footprint and pays for it short periods so you don t collect too much debt graviola finland october,1
1640686409819340801,https://twitter.com/jeanneyacoubou/status/1640686409819340801,oembed,croi which stands for cooling return on investment is a concept developed by meer which is similar to a well known concept used in discussions about energy production the energy return on investment or eroi meer march,6
1209178368920285184,https://twitter.com/rocits/status/1209178368920285184,oembed,researchers develop new carbon capture concept the concept captures the co within the exhaust system converts it into a liquid and stores it on the vehicle the liquid co would then be delivered to a service station news gasworld industrialgas gasworld december,3
1640345669327110144,https://twitter.com/RightToEnergy/status/1640345669327110144,oembed,of people that changed habits at home to save on energy european commission march,6
1635954562044395520,https://twitter.com/COOLtoRISE/status/1635954562044395520,oembed,second pp meeting starts in madrid hosted by with a view on the upcoming summer energy workshop activities and sepas trainings energypoverty sumnerheat energybills energytransition cooltorise march,6
1638571149230497792,https://twitter.com/bravenewak/status/1638571149230497792,oembed,thank you for hosting us yesterday we appreciated the opportunity to talk with you and other representatives in the akleg about our mission to advance s science energy and security priorities in the arctic arctic energy office march,6
1638790883507335169,https://twitter.com/jmacdow/status/1638790883507335169,oembed,access to reliable energy is crucial for economic growth sustainable development learn more about the challenges of energy poverty potential solutions in this article energyaccess sustainability developmentaid news march,6
1635798485495578624,https://twitter.com/ZacSmithNEWS/status/1635798485495578624,oembed,ivdn lindus construction ceo offers his testimonial on the superior energy savings of our insultex tm house wrap based on years of installations and satisfied customers insulation housewrap energysavings homebuilding construction innovative designs inc stock ivdn march,6
1640321290144739329,https://twitter.com/ORNL/status/1640321290144739329,oembed,we re hiring this job will energize you join the team researching electrochemical energy storage for the university of tennessee oak ridge innovation institute ornl physical sciences march,2
1640728935297167361,https://twitter.com/coralcarbon/status/1640728935297167361,oembed,coral carbon the scaleup mangrove reforestation coral io march,3
1640643322145300480,https://twitter.com/C1greenchemical/status/1640643322145300480,oembed,meet the world s first fully automated continuous reactor for homogeneous methanol catalysis c alpha we celebrated this major milestone on our way to industrial production of greenmethanol at competitive prices with our board investors c circular carbon chemistry march,2
1640133551155986432,https://twitter.com/SydneyNano/status/1640133551155986432,oembed,meanwhile you can catch netzero initiative director professor deanna d alessandro at pm at the barrie when she shares the role of direct air capture in reaching net zero by engineering sydney uni march,5
1565675916319244288,https://twitter.com/acoyne/status/1565675916319244288,oembed,when oil companies say they re going green sign the petition to help ban misleading fossil fuel ads banfossilads se n burke september,2
